investor_id,sip_transactions,first_sip_date,last_sip_date,avg_gap_days,max_gap_days,total_sip_amount,continuity_status
INV000004,6,2024-03-16,2025-05-17,85.4,265.0,48256,at-risk
INV000008,6,2024-05-27,2025-05-14,70.4,165.0,72853,at-risk
INV000010,6,2024-04-11,2025-03-01,64.8,139.0,32183,at-risk
INV000011,7,2024-01-03,2024-08-31,40.166666666666664,125.0,93920,at-risk
INV000012,8,2024-03-27,2025-04-30,57.0,132.0,40139,at-risk
INV000013,7,2024-04-18,2025-03-16,55.333333333333336,104.0,75613,at-risk
INV000014,7,2024-02-23,2025-05-20,75.33333333333333,128.0,140315,at-risk
INV000023,8,2024-03-21,2025-05-05,58.57142857142857,115.0,202529,at-risk
INV000028,6,2024-02-07,2025-05-20,93.6,238.0,84262,at-risk
INV000029,7,2024-05-16,2025-05-15,60.666666666666664,96.0,90012,at-risk
INV000030,9,2024-02-19,2025-03-06,47.625,100.0,76470,at-risk
INV000033,8,2024-06-24,2025-05-09,45.57142857142857,87.0,46033,at-risk
INV000039,6,2024-04-27,2025-04-05,68.6,129.0,99338,at-risk
INV000045,6,2024-03-13,2025-03-01,70.6,109.0,114438,at-risk
INV000048,9,2024-03-27,2025-03-30,46.0,168.0,40327,at-risk
INV000052,6,2024-03-31,2024-09-28,36.2,120.0,24378,at-risk
INV000056,6,2024-01-10,2025-01-18,74.8,161.0,60977,at-risk
INV000057,8,2024-04-30,2025-04-13,49.714285714285715,149.0,90907,at-risk
INV000069,10,2024-02-14,2025-05-01,49.111111111111114,129.0,156054,at-risk
INV000072,6,2024-03-24,2025-05-13,83.0,247.0,49372,at-risk
INV000073,9,2024-03-20,2025-04-10,48.25,112.0,113509,at-risk
INV000074,8,2024-01-08,2025-05-30,72.57142857142857,191.0,106669,at-risk
INV000075,6,2024-05-01,2025-05-10,74.8,102.0,147761,at-risk
INV000076,6,2024-02-06,2025-05-10,91.8,203.0,50910,at-risk
INV000079,6,2024-06-02,2025-04-27,65.8,90.0,42160,at-risk
INV000081,7,2024-01-01,2025-05-03,81.33333333333333,167.0,54704,at-risk
INV000082,7,2024-01-09,2025-05-25,83.66666666666667,351.0,27594,at-risk
INV000086,10,2024-02-05,2025-03-13,44.666666666666664,167.0,81221,at-risk
INV000087,6,2024-02-20,2025-05-29,92.8,202.0,105288,at-risk
INV000091,8,2024-01-04,2024-11-07,44.0,105.0,55134,at-risk
INV000093,7,2024-01-30,2024-12-28,55.5,91.0,141515,at-risk
INV000094,6,2024-04-04,2024-11-14,44.8,95.0,49928,at-risk
INV000095,6,2024-04-19,2025-04-01,69.4,155.0,92823,at-risk
INV000097,7,2024-05-10,2025-04-02,54.5,183.0,155107,at-risk
INV000101,8,2024-02-08,2025-05-08,65.0,197.0,112802,at-risk
INV000102,8,2024-02-11,2025-05-13,65.28571428571429,109.0,114074,at-risk
INV000103,6,2024-02-08,2025-03-31,83.4,232.0,20675,at-risk
INV000105,8,2024-01-02,2025-02-04,57.0,87.0,86911,at-risk
INV000109,9,2024-02-29,2025-03-05,46.25,63.0,67651,at-risk
INV000113,8,2024-02-11,2024-12-29,46.0,144.0,84349,at-risk
INV000123,7,2024-03-28,2025-03-21,59.666666666666664,142.0,113633,at-risk
INV000128,6,2024-03-19,2025-05-03,82.0,181.0,38273,at-risk
INV000131,7,2024-04-05,2025-03-07,56.0,123.0,102201,at-risk
INV000132,6,2024-05-12,2025-05-02,71.0,139.0,88403,at-risk
INV000133,6,2024-02-15,2025-05-01,88.2,265.0,74695,at-risk
INV000138,6,2024-05-06,2025-05-22,76.2,220.0,156066,at-risk
INV000145,6,2024-02-17,2025-05-09,89.4,282.0,127034,at-risk
INV000146,6,2024-02-12,2025-01-11,66.8,171.0,88618,at-risk
INV000148,9,2024-03-11,2025-05-01,52.0,168.0,90012,at-risk
INV000155,7,2024-06-18,2025-01-28,37.333333333333336,99.0,57530,at-risk
INV000161,7,2024-02-23,2025-05-06,73.0,213.0,44287,at-risk
INV000163,8,2024-01-06,2025-03-08,61.0,80.0,58271,at-risk
INV000164,6,2024-04-17,2025-02-20,61.8,208.0,25253,at-risk
INV000169,7,2024-03-17,2025-04-28,67.83333333333333,145.0,48708,at-risk
INV000173,7,2024-04-18,2025-03-30,57.666666666666664,165.0,78387,at-risk
INV000175,7,2024-01-12,2025-05-28,83.66666666666667,170.0,71320,at-risk
INV000177,8,2024-01-16,2025-04-18,65.42857142857143,278.0,51520,at-risk
INV000180,6,2024-05-07,2025-03-12,61.8,229.0,15924,at-risk
INV000183,9,2024-02-20,2025-05-14,56.125,216.0,86040,at-risk
INV000191,7,2024-04-12,2025-03-17,56.5,161.0,68656,at-risk
INV000194,7,2024-05-23,2025-05-06,58.0,109.0,61857,at-risk
INV000195,6,2024-04-08,2025-04-30,77.4,114.0,21739,at-risk
INV000196,7,2024-03-17,2025-05-05,69.0,176.0,80685,at-risk
INV000201,9,2024-01-17,2025-03-01,51.125,100.0,98278,at-risk
INV000205,8,2024-01-27,2025-04-09,62.57142857142857,193.0,72091,at-risk
INV000210,8,2024-01-14,2025-05-23,70.71428571428571,163.0,93572,at-risk
INV000214,6,2024-01-11,2025-04-29,94.8,306.0,67357,at-risk
INV000217,6,2024-02-04,2025-05-09,92.0,183.0,44146,at-risk
INV000228,9,2024-01-10,2025-05-02,59.75,188.0,239176,at-risk
INV000236,8,2024-01-18,2025-05-02,67.14285714285714,112.0,112217,at-risk
INV000238,6,2024-02-08,2025-05-21,93.6,287.0,146422,at-risk
INV000239,8,2024-04-16,2025-03-24,48.857142857142854,105.0,161292,at-risk
INV000243,6,2024-01-25,2025-04-10,88.2,137.0,58145,at-risk
INV000245,6,2024-02-08,2025-05-14,92.2,164.0,46023,at-risk
INV000249,7,2024-04-09,2025-01-07,45.5,162.0,194759,at-risk
INV000252,6,2024-01-25,2024-10-03,50.4,96.0,103128,at-risk
INV000255,6,2024-03-05,2024-11-03,48.6,103.0,34653,at-risk
INV000256,6,2024-03-02,2025-02-16,70.2,155.0,31902,at-risk
INV000259,6,2024-01-25,2025-01-12,70.6,165.0,81938,at-risk
INV000260,8,2024-01-08,2025-02-28,59.57142857142857,206.0,139633,at-risk
INV000262,8,2024-04-18,2025-04-28,53.57142857142857,122.0,47209,at-risk
INV000263,8,2024-01-11,2025-05-04,68.42857142857143,271.0,157678,at-risk
INV000265,10,2024-01-25,2025-05-20,53.44444444444444,140.0,203433,at-risk
INV000268,7,2024-01-22,2025-01-30,62.333333333333336,143.0,79605,at-risk
INV000279,9,2024-03-01,2025-02-11,43.375,133.0,61623,at-risk
INV000280,9,2024-01-22,2025-04-12,55.75,191.0,145194,at-risk
INV000283,6,2024-02-11,2025-01-16,68.0,195.0,24362,at-risk
INV000287,7,2024-01-17,2025-03-11,69.83333333333333,301.0,64351,at-risk
INV000289,8,2024-01-21,2025-04-04,62.714285714285715,142.0,81640,at-risk
INV000291,6,2024-02-13,2025-05-03,89.0,196.0,76178,at-risk
INV000292,7,2024-05-13,2025-02-13,46.0,95.0,123656,at-risk
INV000293,7,2024-01-09,2024-10-17,47.0,91.0,70574,at-risk
INV000297,6,2024-02-01,2025-04-29,90.6,163.0,22338,at-risk
INV000299,6,2024-03-22,2025-05-22,85.2,240.0,45557,at-risk
INV000304,7,2024-02-01,2025-03-27,70.0,204.0,79554,at-risk
INV000309,8,2024-01-08,2025-01-06,52.0,157.0,63146,at-risk
INV000310,7,2024-02-25,2025-05-25,75.83333333333333,164.0,46368,at-risk
INV000318,6,2024-01-29,2025-05-30,97.4,175.0,69726,at-risk
INV000319,7,2024-02-17,2025-05-03,73.5,201.0,40143,at-risk
INV000321,7,2024-01-03,2025-03-15,72.83333333333333,204.0,91225,at-risk
INV000328,9,2024-03-09,2025-01-03,37.5,73.0,64273,at-risk
INV000331,8,2024-01-23,2025-01-12,50.714285714285715,163.0,124378,at-risk
INV000334,7,2024-07-06,2024-12-06,25.5,60.0,43720,regular
INV000335,6,2024-01-25,2025-05-19,96.0,279.0,68848,at-risk
INV000339,6,2024-02-15,2025-05-30,94.0,195.0,74556,at-risk
INV000341,8,2024-02-18,2025-03-05,54.42857142857143,191.0,76460,at-risk
INV000356,6,2024-06-13,2025-03-12,54.4,157.0,72865,at-risk
INV000359,9,2024-02-19,2025-04-27,54.125,197.0,93451,at-risk
INV000363,7,2024-02-12,2025-05-19,77.0,153.0,59677,at-risk
INV000369,6,2024-03-06,2024-10-11,43.8,112.0,22654,at-risk
INV000371,8,2024-01-18,2025-03-08,59.285714285714285,147.0,71985,at-risk
INV000372,7,2024-03-03,2025-01-24,54.5,121.0,89873,at-risk
INV000380,6,2024-01-18,2025-05-17,97.0,272.0,72700,at-risk
INV000388,9,2024-02-27,2025-05-01,53.625,119.0,109420,at-risk
INV000392,7,2024-02-10,2025-05-18,77.16666666666667,205.0,39530,at-risk
INV000395,7,2024-04-13,2025-03-13,55.666666666666664,119.0,23004,at-risk
INV000396,6,2024-01-24,2025-03-15,83.2,153.0,46049,at-risk
INV000399,10,2024-01-08,2025-03-29,49.55555555555556,68.0,58193,at-risk
INV000400,6,2024-05-01,2025-03-10,62.6,101.0,21256,at-risk
INV000403,6,2024-05-30,2025-03-17,58.2,90.0,74178,at-risk
INV000407,6,2024-02-03,2025-03-21,82.4,157.0,112123,at-risk
INV000408,6,2024-04-15,2024-12-05,46.8,125.0,47374,at-risk
INV000412,8,2024-07-06,2025-05-08,43.714285714285715,70.0,87441,at-risk
INV000414,8,2024-01-12,2025-04-20,66.28571428571429,233.0,95455,at-risk
INV000415,7,2024-03-30,2025-05-01,66.16666666666667,128.0,42775,at-risk
INV000418,6,2024-01-16,2025-03-25,86.8,238.0,113497,at-risk
INV000427,7,2024-02-04,2025-03-21,68.5,116.0,106145,at-risk
INV000428,8,2024-01-01,2024-12-31,52.142857142857146,164.0,54350,at-risk
INV000429,6,2024-01-22,2025-02-11,77.2,187.0,117284,at-risk
INV000437,6,2024-01-01,2025-05-04,97.8,295.0,32739,at-risk
INV000440,8,2024-01-17,2025-05-18,69.57142857142857,162.0,33647,at-risk
INV000441,6,2024-06-28,2025-04-28,60.8,151.0,45638,at-risk
INV000444,6,2024-04-26,2025-04-27,73.2,129.0,76737,at-risk
INV000445,9,2024-01-24,2025-04-30,57.75,129.0,52898,at-risk
INV000446,6,2024-02-13,2024-08-24,38.6,101.0,31195,at-risk
INV000449,6,2024-06-13,2025-02-02,46.8,70.0,59567,at-risk
INV000452,9,2024-03-09,2025-04-08,49.375,123.0,84270,at-risk
INV000457,6,2024-02-25,2025-05-27,91.4,256.0,32725,at-risk
INV000460,6,2024-03-02,2024-10-05,43.4,107.0,35369,at-risk
INV000463,7,2024-01-09,2025-02-03,65.16666666666667,181.0,144163,at-risk
INV000466,7,2024-01-26,2025-04-10,73.33333333333333,135.0,125151,at-risk
INV000467,10,2024-01-01,2025-05-25,56.666666666666664,272.0,65408,at-risk
INV000469,7,2024-03-30,2025-05-27,70.5,183.0,34180,at-risk
INV000483,8,2024-01-18,2025-05-25,70.42857142857143,252.0,142115,at-risk
INV000491,6,2024-02-02,2025-05-22,95.0,202.0,43008,at-risk
INV000493,10,2024-03-01,2025-05-03,47.55555555555556,201.0,130085,at-risk
INV000497,7,2024-03-23,2025-05-28,71.83333333333333,191.0,72087,at-risk
INV000499,7,2024-01-28,2025-05-09,77.83333333333333,157.0,127344,at-risk
INV000507,7,2024-02-27,2025-04-23,70.16666666666667,249.0,58920,at-risk
INV000512,9,2024-02-18,2025-05-01,54.75,112.0,73426,at-risk
INV000522,6,2024-01-12,2025-05-30,100.8,309.0,28275,at-risk
INV000524,7,2024-06-19,2025-05-15,55.0,91.0,118571,at-risk
INV000527,6,2024-09-07,2025-05-19,50.8,116.0,115570,at-risk
INV000529,6,2024-06-08,2025-03-31,59.2,110.0,23027,at-risk
INV000531,7,2024-07-19,2025-04-27,47.0,82.0,151584,at-risk
INV000539,7,2024-01-26,2025-05-02,77.0,153.0,107371,at-risk
INV000540,7,2024-02-19,2025-05-05,73.5,123.0,78276,at-risk
INV000543,7,2024-01-11,2025-05-27,83.66666666666667,218.0,162711,at-risk
INV000545,6,2024-03-27,2025-05-04,80.6,181.0,48548,at-risk
INV000546,9,2024-01-14,2025-03-29,55.0,154.0,92002,at-risk
INV000547,6,2024-03-15,2024-12-19,55.8,140.0,37135,at-risk
INV000549,6,2024-01-19,2025-05-14,96.2,146.0,86784,at-risk
INV000553,6,2024-04-22,2025-04-17,72.0,172.0,54698,at-risk
INV000554,6,2024-02-18,2025-02-03,70.2,171.0,56741,at-risk
INV000556,8,2024-03-07,2025-03-09,52.42857142857143,156.0,126416,at-risk
INV000562,6,2024-03-08,2025-03-15,74.4,197.0,48292,at-risk
INV000563,7,2024-02-13,2025-05-16,76.33333333333333,198.0,59358,at-risk
INV000566,7,2024-08-24,2025-03-22,35.0,119.0,120009,regular
INV000567,6,2024-05-14,2025-03-29,63.8,166.0,33277,at-risk
INV000568,6,2024-03-13,2025-01-19,62.4,180.0,106953,at-risk
INV000570,8,2024-02-12,2025-05-28,67.28571428571429,186.0,136242,at-risk
INV000573,7,2024-01-27,2024-11-27,50.833333333333336,154.0,114632,at-risk
INV000575,6,2024-03-17,2025-03-10,71.6,155.0,43192,at-risk
INV000578,7,2024-04-21,2025-05-27,66.83333333333333,164.0,91996,at-risk
INV000581,7,2024-01-30,2025-05-14,78.33333333333333,160.0,58863,at-risk
INV000586,7,2024-01-23,2024-10-16,44.5,111.0,138122,at-risk
INV000589,9,2024-02-01,2025-05-19,59.125,90.0,69345,at-risk
INV000591,7,2024-04-15,2025-05-07,64.5,112.0,15867,at-risk
INV000593,6,2024-03-27,2025-04-02,74.2,179.0,31078,at-risk
INV000596,9,2024-02-01,2025-03-21,51.75,140.0,169915,at-risk
INV000597,6,2024-02-03,2025-04-21,88.6,198.0,82488,at-risk
INV000599,7,2024-01-13,2025-05-16,81.5,171.0,103758,at-risk
INV000607,7,2024-01-14,2025-02-17,66.66666666666667,209.0,38693,at-risk
INV000608,6,2024-01-09,2025-05-24,100.2,324.0,45475,at-risk
INV000609,6,2024-01-01,2024-08-23,47.0,87.0,44212,at-risk
INV000612,11,2024-01-16,2025-05-23,49.3,169.0,123648,at-risk
INV000615,7,2024-03-15,2025-02-13,55.833333333333336,139.0,29577,at-risk
INV000624,7,2024-01-31,2024-08-08,31.666666666666668,53.0,131937,regular
INV000625,6,2024-03-22,2025-05-28,86.4,134.0,23397,at-risk
INV000630,7,2024-01-31,2025-03-18,68.66666666666667,161.0,55182,at-risk
INV000631,6,2024-03-06,2024-12-01,54.0,145.0,45319,at-risk
INV000634,9,2024-01-22,2025-03-15,52.25,147.0,98595,at-risk
INV000635,6,2024-03-13,2025-03-23,75.0,240.0,30163,at-risk
INV000641,6,2024-08-03,2025-05-04,54.8,126.0,92825,at-risk
INV000642,9,2024-03-19,2025-05-21,53.5,139.0,109817,at-risk
INV000645,6,2024-02-12,2025-01-07,66.0,127.0,26646,at-risk
INV000646,7,2024-05-17,2025-05-26,62.333333333333336,138.0,76212,at-risk
INV000651,6,2024-01-20,2025-05-04,94.0,304.0,34381,at-risk
INV000652,6,2024-02-09,2025-05-23,93.8,262.0,34837,at-risk
INV000657,8,2024-01-28,2025-04-25,64.71428571428571,106.0,103388,at-risk
INV000662,8,2024-01-02,2025-04-09,66.14285714285714,185.0,34238,at-risk
INV000663,6,2024-01-04,2025-04-20,94.4,247.0,83316,at-risk
INV000665,10,2024-05-22,2025-04-13,36.22222222222222,148.0,56140,at-risk
INV000667,6,2024-05-21,2025-04-26,68.0,134.0,117715,at-risk
INV000673,6,2024-01-13,2025-04-21,92.8,235.0,145533,at-risk
INV000675,6,2024-06-09,2025-04-19,62.8,155.0,23160,at-risk
INV000676,11,2024-05-10,2025-04-28,35.3,106.0,174741,at-risk
INV000678,7,2024-04-12,2025-04-27,63.333333333333336,140.0,36623,at-risk
INV000683,9,2024-01-08,2025-03-19,54.5,137.0,47678,at-risk
INV000690,8,2024-04-23,2025-05-22,56.285714285714285,134.0,169171,at-risk
INV000691,6,2024-01-27,2024-12-24,66.4,163.0,50363,at-risk
INV000698,9,2024-02-20,2025-04-13,52.25,219.0,77848,at-risk
INV000699,6,2024-03-27,2024-10-27,42.8,147.0,51568,at-risk
INV000701,7,2024-01-13,2025-05-29,83.66666666666667,298.0,51486,at-risk
INV000707,9,2024-08-07,2025-05-09,34.375,106.0,50988,regular
INV000709,7,2024-02-07,2025-03-04,65.16666666666667,128.0,143724,at-risk
INV000710,6,2024-02-27,2025-05-15,88.6,264.0,62975,at-risk
INV000714,9,2024-06-07,2025-03-30,37.0,95.0,47519,at-risk
INV000718,7,2024-01-16,2024-12-28,57.833333333333336,118.0,52719,at-risk
INV000719,7,2024-02-29,2025-05-11,72.83333333333333,185.0,131252,at-risk
INV000724,6,2024-04-11,2025-05-22,81.2,227.0,33281,at-risk
INV000725,7,2024-03-14,2025-04-24,67.66666666666667,92.0,89962,at-risk
INV000734,8,2024-02-22,2025-05-15,64.0,180.0,108076,at-risk
INV000737,6,2024-01-31,2025-05-08,92.6,168.0,146341,at-risk
INV000747,6,2024-01-25,2025-03-23,84.6,205.0,86939,at-risk
INV000750,9,2024-08-03,2025-03-03,26.5,84.0,95979,regular
INV000751,9,2024-03-29,2025-05-27,53.0,193.0,42163,at-risk
INV000754,7,2024-03-02,2025-05-10,72.33333333333333,103.0,97616,at-risk
INV000759,7,2024-01-08,2025-05-20,83.0,156.0,44038,at-risk
INV000761,7,2024-02-26,2025-05-22,75.16666666666667,173.0,115474,at-risk
INV000768,8,2024-01-17,2025-03-12,60.0,124.0,81075,at-risk
INV000772,6,2024-06-15,2025-01-31,46.0,81.0,88779,at-risk
INV000774,7,2024-02-16,2025-05-03,73.66666666666667,169.0,83715,at-risk
INV000776,8,2024-03-07,2025-04-27,59.42857142857143,116.0,40424,at-risk
INV000777,6,2024-03-05,2025-01-29,66.0,121.0,20946,at-risk
INV000778,8,2024-03-22,2025-05-14,59.714285714285715,182.0,99237,at-risk
INV000779,6,2024-03-21,2025-03-31,75.0,153.0,12215,at-risk
INV000783,6,2024-02-14,2025-05-08,89.8,187.0,138175,at-risk
INV000785,6,2024-10-10,2025-03-22,32.6,66.0,29312,regular
INV000786,9,2024-01-01,2025-05-28,64.125,199.0,73859,at-risk
INV000789,8,2024-02-29,2025-03-21,55.142857142857146,225.0,110683,at-risk
INV000793,8,2024-01-14,2025-05-12,69.14285714285714,149.0,105129,at-risk
INV000803,7,2024-01-04,2025-04-11,77.16666666666667,147.0,75412,at-risk
INV000814,6,2024-01-15,2025-04-29,94.0,195.0,111708,at-risk
INV000822,7,2024-02-02,2024-12-31,55.5,141.0,68933,at-risk
INV000823,7,2024-02-21,2024-10-16,39.666666666666664,69.0,49395,at-risk
INV000827,8,2024-04-05,2025-05-18,58.285714285714285,122.0,46159,at-risk
INV000830,6,2024-04-21,2025-04-17,72.2,165.0,77141,at-risk
INV000833,8,2024-01-08,2025-04-23,67.28571428571429,182.0,88699,at-risk
INV000836,6,2024-01-01,2025-02-28,84.8,123.0,127974,at-risk
INV000843,6,2024-05-01,2025-02-03,55.6,102.0,49484,at-risk
INV000844,7,2024-02-09,2025-03-12,66.16666666666667,151.0,48647,at-risk
INV000847,6,2024-05-28,2025-01-22,47.8,75.0,20771,at-risk
INV000853,10,2024-01-22,2025-04-10,49.333333333333336,193.0,61865,at-risk
INV000854,9,2024-01-05,2025-05-09,61.25,170.0,149355,at-risk
INV000858,9,2024-04-27,2025-04-21,44.875,157.0,70918,at-risk
INV000862,6,2024-02-13,2025-05-14,91.2,372.0,119139,at-risk
INV000864,6,2024-01-16,2024-08-07,40.8,106.0,72191,at-risk
INV000865,9,2024-04-15,2025-04-16,45.75,99.0,164885,at-risk
INV000869,6,2024-02-27,2025-01-19,65.4,100.0,29400,at-risk
INV000873,7,2024-02-09,2025-04-25,73.5,299.0,44839,at-risk
INV000874,9,2024-01-04,2025-05-15,62.125,149.0,38895,at-risk
INV000877,6,2024-06-21,2025-04-14,59.4,159.0,116062,at-risk
INV000881,10,2024-01-10,2025-02-28,46.111111111111114,155.0,61437,at-risk
INV000887,7,2024-01-28,2025-02-25,65.66666666666667,268.0,115877,at-risk
INV000888,7,2024-01-27,2025-05-23,80.33333333333333,166.0,98413,at-risk
INV000893,7,2024-02-05,2025-01-27,59.5,147.0,93208,at-risk
INV000894,6,2024-07-26,2025-04-27,55.0,105.0,36994,at-risk
INV000901,6,2024-05-23,2025-02-17,54.0,95.0,36100,at-risk
INV000907,6,2024-04-08,2025-01-29,59.2,139.0,26520,at-risk
INV000920,6,2024-01-31,2025-02-12,75.6,220.0,97652,at-risk
INV000926,6,2024-01-05,2025-02-08,80.0,111.0,67012,at-risk
INV000929,7,2024-03-28,2025-03-12,58.166666666666664,116.0,150139,at-risk
INV000930,8,2024-07-19,2025-03-03,32.42857142857143,118.0,92989,regular
INV000935,9,2024-02-12,2024-10-16,30.875,73.0,152824,regular
INV000939,8,2024-02-23,2025-04-22,60.57142857142857,154.0,69507,at-risk
INV000942,7,2024-03-09,2025-01-21,53.0,92.0,138493,at-risk
INV000949,7,2024-04-03,2025-05-13,67.5,135.0,49784,at-risk
INV000950,6,2024-02-26,2025-05-26,91.0,215.0,37182,at-risk
INV000971,7,2024-08-08,2025-05-16,46.833333333333336,139.0,38940,at-risk
INV000974,7,2024-01-06,2025-03-22,73.5,143.0,40022,at-risk
INV000977,10,2024-01-13,2025-03-27,48.77777777777778,147.0,129735,at-risk
INV000979,6,2024-04-08,2025-05-12,79.8,115.0,141450,at-risk
INV000980,8,2024-04-26,2025-03-03,44.42857142857143,121.0,208518,at-risk
INV000981,6,2024-09-11,2025-05-21,50.4,104.0,68442,at-risk
INV000986,7,2024-02-28,2025-02-27,60.833333333333336,182.0,166388,at-risk
INV000994,6,2024-02-20,2025-01-04,63.8,167.0,55817,at-risk
INV001001,8,2024-02-15,2025-04-12,60.285714285714285,137.0,67731,at-risk
INV001002,7,2024-04-01,2024-12-07,41.666666666666664,85.0,38098,at-risk
INV001005,6,2024-02-07,2025-05-20,93.6,206.0,74535,at-risk
INV001008,7,2024-02-16,2025-03-10,64.66666666666667,191.0,63227,at-risk
INV001013,6,2024-01-09,2025-05-07,96.8,164.0,81838,at-risk
INV001017,6,2024-03-18,2025-02-16,67.0,142.0,27846,at-risk
INV001019,9,2024-02-19,2025-02-12,44.875,180.0,62583,at-risk
INV001021,7,2024-01-08,2025-02-23,68.66666666666667,186.0,54295,at-risk
INV001023,8,2024-01-01,2025-05-22,72.42857142857143,202.0,38036,at-risk
INV001025,6,2024-07-19,2025-01-29,38.8,76.0,77009,at-risk
INV001026,6,2024-02-04,2025-01-16,69.4,132.0,51600,at-risk
INV001037,10,2024-02-26,2025-03-10,42.0,86.0,73922,at-risk
INV001039,6,2024-04-10,2025-03-07,66.2,187.0,19840,at-risk
INV001041,7,2024-01-01,2025-05-13,83.0,195.0,72624,at-risk
INV001047,7,2024-04-24,2025-05-26,66.16666666666667,142.0,52894,at-risk
INV001048,8,2024-03-19,2025-02-11,47.0,84.0,36491,at-risk
INV001051,8,2024-04-02,2025-04-16,54.142857142857146,139.0,57451,at-risk
INV001053,8,2024-02-18,2025-03-15,55.857142857142854,116.0,46140,at-risk
INV001055,6,2024-01-14,2025-04-24,93.2,177.0,77109,at-risk
INV001060,9,2024-01-19,2025-03-21,53.375,89.0,113690,at-risk
INV001061,9,2024-02-19,2025-04-03,51.125,141.0,99794,at-risk
INV001063,8,2024-02-17,2024-12-16,43.285714285714285,120.0,30795,at-risk
INV001064,9,2024-01-09,2025-04-29,59.5,160.0,151648,at-risk
INV001069,8,2024-06-02,2025-03-18,41.285714285714285,98.0,96230,at-risk
INV001070,6,2024-01-05,2025-05-04,97.0,329.0,103923,at-risk
INV001092,7,2024-02-04,2025-05-13,77.33333333333333,186.0,75632,at-risk
INV001099,8,2024-07-28,2025-01-27,26.142857142857142,63.0,135739,regular
INV001102,7,2024-02-06,2025-01-03,55.333333333333336,87.0,87539,at-risk
INV001115,6,2024-03-07,2025-04-18,81.4,290.0,51387,at-risk
INV001116,9,2024-02-17,2025-05-27,58.125,194.0,74728,at-risk
INV001117,8,2024-02-23,2025-04-30,61.714285714285715,137.0,53882,at-risk
INV001130,7,2024-02-08,2025-05-14,76.83333333333333,131.0,139695,at-risk
INV001137,7,2024-02-29,2025-02-05,57.0,120.0,35691,at-risk
INV001140,6,2024-04-29,2025-02-25,60.4,125.0,39628,at-risk
INV001141,6,2024-01-27,2025-05-29,97.6,132.0,34460,at-risk
INV001142,7,2024-04-27,2025-01-09,42.833333333333336,106.0,60116,at-risk
INV001156,6,2024-01-02,2025-05-28,102.4,175.0,51977,at-risk
INV001160,8,2024-04-02,2025-05-10,57.57142857142857,99.0,45043,at-risk
INV001161,6,2024-01-23,2025-03-01,80.6,159.0,146262,at-risk
INV001163,7,2024-01-30,2025-03-09,67.33333333333333,255.0,33877,at-risk
INV001167,6,2024-01-03,2025-04-28,96.2,207.0,78024,at-risk
INV001170,6,2024-03-03,2025-02-07,68.2,119.0,70673,at-risk
INV001173,6,2024-05-28,2025-04-28,67.0,146.0,58382,at-risk
INV001178,7,2024-01-31,2025-05-23,79.66666666666667,140.0,37864,at-risk
INV001180,6,2024-03-30,2025-04-06,74.4,198.0,104216,at-risk
INV001181,8,2024-02-12,2025-05-29,67.42857142857143,163.0,91218,at-risk
INV001190,6,2024-01-04,2025-05-03,97.0,198.0,45744,at-risk
INV001195,8,2024-03-16,2025-03-25,53.42857142857143,167.0,127687,at-risk
INV001196,6,2024-02-20,2025-05-26,92.2,169.0,61840,at-risk
INV001202,8,2024-04-09,2025-05-20,58.0,103.0,54919,at-risk
INV001206,6,2024-04-05,2025-05-28,83.6,190.0,76395,at-risk
INV001208,7,2024-03-13,2025-01-18,51.833333333333336,107.0,68466,at-risk
INV001210,9,2024-03-04,2024-12-24,36.875,93.0,84090,at-risk
INV001217,8,2024-02-29,2025-04-25,60.142857142857146,205.0,99061,at-risk
INV001219,8,2024-03-04,2025-02-23,50.857142857142854,118.0,90473,at-risk
INV001220,7,2024-01-08,2025-04-15,77.16666666666667,104.0,18410,at-risk
INV001223,7,2024-01-27,2025-03-27,70.83333333333333,175.0,81600,at-risk
INV001234,8,2024-01-27,2025-03-26,60.57142857142857,119.0,91103,at-risk
INV001235,9,2024-02-03,2025-05-20,59.0,161.0,125966,at-risk
INV001237,6,2024-01-18,2025-05-22,98.0,182.0,66778,at-risk
INV001238,7,2024-03-27,2025-05-12,68.5,220.0,45560,at-risk
INV001242,6,2024-01-19,2025-01-02,69.8,128.0,26658,at-risk
INV001251,6,2024-02-11,2025-03-27,82.0,223.0,142919,at-risk
INV001262,7,2024-07-06,2025-04-01,44.833333333333336,116.0,135943,at-risk
INV001274,7,2024-03-06,2025-05-20,73.33333333333333,161.0,56609,at-risk
INV001275,7,2024-02-11,2025-03-17,66.66666666666667,140.0,51676,at-risk
INV001282,6,2024-06-18,2025-05-19,67.0,196.0,50374,at-risk
INV001287,6,2024-01-09,2025-04-14,92.2,157.0,74519,at-risk
INV001288,7,2024-04-08,2025-01-07,45.666666666666664,148.0,127240,at-risk
INV001291,6,2024-03-27,2025-04-12,76.2,181.0,118076,at-risk
INV001295,9,2024-01-05,2025-02-14,50.75,165.0,66843,at-risk
INV001298,7,2024-03-14,2025-05-19,71.83333333333333,158.0,13160,at-risk
INV001299,9,2024-02-26,2025-04-11,51.25,121.0,67906,at-risk
INV001304,6,2024-01-06,2025-05-08,97.6,177.0,127605,at-risk
INV001308,9,2024-01-29,2025-04-10,54.625,147.0,145248,at-risk
INV001310,6,2024-02-03,2025-03-15,81.2,232.0,48861,at-risk
INV001314,10,2024-02-03,2025-05-02,50.44444444444444,130.0,196028,at-risk
INV001315,7,2024-02-09,2024-12-16,51.833333333333336,124.0,62854,at-risk
INV001316,6,2024-02-05,2025-05-12,92.4,198.0,14835,at-risk
INV001317,6,2024-01-24,2025-03-23,84.8,162.0,29592,at-risk
INV001318,10,2024-01-27,2025-03-18,46.22222222222222,150.0,112663,at-risk
INV001326,8,2024-01-29,2025-05-29,69.42857142857143,182.0,103082,at-risk
INV001329,6,2024-03-22,2025-02-26,68.2,97.0,60331,at-risk
INV001331,6,2024-01-04,2025-04-19,94.2,202.0,31343,at-risk
INV001332,7,2024-02-03,2025-05-28,80.0,179.0,56992,at-risk
INV001333,7,2024-01-08,2025-04-24,78.66666666666667,185.0,11779,at-risk
INV001336,8,2024-02-10,2025-05-16,65.85714285714286,198.0,94852,at-risk
INV001348,7,2024-03-07,2024-12-19,47.833333333333336,121.0,91022,at-risk
INV001351,7,2024-01-26,2025-03-24,70.5,208.0,146308,at-risk
INV001355,6,2024-06-03,2025-03-31,60.2,187.0,41992,at-risk
INV001356,6,2024-03-05,2025-04-05,79.2,191.0,39847,at-risk
INV001359,7,2024-03-10,2025-05-19,72.5,313.0,109856,at-risk
INV001361,7,2024-01-28,2024-11-26,50.5,103.0,99669,at-risk
INV001367,6,2024-01-03,2025-05-12,99.0,222.0,71798,at-risk
INV001375,7,2024-02-04,2025-05-20,78.5,176.0,46716,at-risk
INV001376,7,2024-01-15,2025-05-01,78.66666666666667,181.0,66059,at-risk
INV001383,8,2024-02-26,2025-03-25,56.142857142857146,117.0,80080,at-risk
INV001387,9,2024-02-01,2025-05-04,57.25,130.0,111470,at-risk
INV001394,8,2024-02-06,2025-04-26,63.57142857142857,171.0,127115,at-risk
INV001400,6,2024-01-01,2025-01-19,76.8,266.0,111893,at-risk
INV001401,6,2024-04-15,2025-03-24,68.6,197.0,39421,at-risk
INV001406,10,2024-03-12,2025-05-15,47.666666666666664,202.0,71494,at-risk
INV001407,6,2024-01-08,2024-08-21,45.2,141.0,49474,at-risk
INV001415,8,2024-01-17,2025-05-08,68.14285714285714,173.0,48063,at-risk
INV001418,6,2024-01-31,2025-04-18,88.6,187.0,27688,at-risk
INV001419,6,2024-01-11,2025-03-15,85.8,137.0,67428,at-risk
INV001423,8,2024-02-03,2025-01-08,48.57142857142857,105.0,64384,at-risk
INV001428,6,2024-04-17,2025-05-19,79.4,174.0,72032,at-risk
INV001432,6,2024-02-14,2025-02-05,71.4,175.0,22656,at-risk
INV001434,6,2024-04-09,2025-05-17,80.6,178.0,73116,at-risk
INV001442,9,2024-02-21,2025-05-23,57.125,238.0,67217,at-risk
INV001454,7,2024-01-03,2025-03-16,73.0,176.0,37667,at-risk
INV001455,8,2024-01-10,2025-04-07,64.71428571428571,153.0,47113,at-risk
INV001457,6,2024-01-21,2024-08-27,43.8,63.0,85947,at-risk
INV001458,7,2024-02-01,2025-01-25,59.833333333333336,101.0,78518,at-risk
INV001466,6,2024-02-25,2024-10-05,44.6,82.0,102555,at-risk
INV001472,6,2024-01-10,2025-02-08,79.0,141.0,119937,at-risk
INV001482,6,2024-04-10,2025-05-18,80.6,280.0,84250,at-risk
INV001485,9,2024-02-05,2025-04-20,55.0,150.0,113230,at-risk
INV001491,6,2024-01-07,2025-05-15,98.8,260.0,37904,at-risk
INV001497,9,2024-01-01,2025-05-19,63.0,138.0,77902,at-risk
INV001504,9,2024-03-21,2025-05-29,54.25,134.0,131804,at-risk
INV001507,6,2024-02-01,2025-04-07,86.2,167.0,24004,at-risk
INV001510,7,2024-03-05,2025-04-10,66.83333333333333,124.0,113185,at-risk
INV001514,7,2024-02-27,2025-01-03,51.833333333333336,72.0,150056,at-risk
INV001516,6,2024-07-31,2025-05-11,56.8,85.0,106727,at-risk
INV001526,6,2024-02-17,2024-10-26,50.4,134.0,45632,at-risk
INV001530,7,2024-01-14,2025-02-05,64.66666666666667,122.0,18100,at-risk
INV001532,7,2024-03-07,2025-02-11,56.833333333333336,101.0,82757,at-risk
INV001536,7,2024-01-04,2025-02-21,69.0,189.0,108107,at-risk
INV001545,6,2024-01-29,2025-05-07,92.8,208.0,85986,at-risk
INV001547,7,2024-02-28,2025-05-06,72.16666666666667,119.0,75405,at-risk
INV001548,6,2024-03-20,2025-04-27,80.6,197.0,71244,at-risk
INV001550,7,2024-02-01,2025-05-20,79.0,191.0,85924,at-risk
INV001551,6,2024-07-01,2025-05-06,61.8,131.0,18205,at-risk
INV001562,10,2024-03-01,2025-04-03,44.22222222222222,146.0,66556,at-risk
INV001564,8,2024-03-23,2025-04-17,55.714285714285715,157.0,74288,at-risk
INV001569,6,2024-03-03,2025-04-24,83.4,314.0,84525,at-risk
INV001579,7,2024-01-04,2025-03-29,75.0,193.0,133855,at-risk
INV001580,7,2024-07-23,2025-04-23,45.666666666666664,119.0,85427,at-risk
INV001585,6,2024-04-12,2025-01-20,56.6,182.0,61091,at-risk
INV001587,7,2024-04-10,2025-05-05,65.0,144.0,72452,at-risk
INV001597,7,2024-06-19,2025-05-21,56.0,165.0,99091,at-risk
INV001599,6,2024-01-15,2024-11-01,58.2,133.0,52681,at-risk
INV001602,6,2024-01-07,2025-04-20,93.8,294.0,66310,at-risk
INV001603,7,2024-02-06,2024-12-29,54.5,93.0,64051,at-risk
INV001605,8,2024-01-08,2025-03-07,60.57142857142857,136.0,161888,at-risk
INV001606,7,2024-04-08,2025-05-19,67.66666666666667,148.0,95656,at-risk
INV001616,9,2024-01-29,2025-03-28,53.0,117.0,153361,at-risk
INV001623,6,2024-01-27,2025-05-01,92.0,188.0,62993,at-risk
INV001625,6,2024-02-16,2025-02-10,72.0,209.0,15000,at-risk
INV001628,8,2024-05-27,2025-05-24,51.714285714285715,139.0,111394,at-risk
INV001629,7,2024-03-28,2025-05-07,67.5,82.0,34149,at-risk
INV001631,6,2024-07-04,2025-04-15,57.0,101.0,9317,at-risk
INV001636,9,2024-01-05,2025-01-30,48.875,159.0,35935,at-risk
INV001641,6,2024-01-19,2025-04-05,88.4,168.0,77129,at-risk
INV001644,6,2024-05-04,2025-03-28,65.6,89.0,123765,at-risk
INV001645,6,2024-03-15,2025-02-16,67.6,202.0,48283,at-risk
INV001649,10,2024-02-07,2025-05-17,51.666666666666664,120.0,113458,at-risk
INV001651,7,2024-01-05,2025-04-21,78.66666666666667,130.0,162293,at-risk
INV001653,6,2024-02-18,2024-11-20,55.2,94.0,76639,at-risk
INV001654,7,2024-02-17,2025-01-18,56.0,137.0,108816,at-risk
INV001656,8,2024-02-18,2025-04-12,59.857142857142854,246.0,78037,at-risk
INV001662,6,2024-01-22,2024-11-18,60.2,147.0,67445,at-risk
INV001672,9,2024-03-30,2024-12-27,34.0,130.0,90532,regular
INV001673,11,2024-01-11,2025-05-18,49.3,181.0,81749,at-risk
INV001680,9,2024-01-10,2025-04-25,58.875,200.0,47015,at-risk
INV001683,7,2024-03-08,2025-05-17,72.5,186.0,80088,at-risk
INV001689,6,2024-03-25,2025-05-17,83.6,153.0,59823,at-risk
INV001690,7,2024-01-14,2025-05-15,81.16666666666667,114.0,62532,at-risk
INV001691,6,2024-03-15,2025-04-29,82.0,254.0,40648,at-risk
INV001694,8,2024-02-05,2025-05-13,66.14285714285714,144.0,146945,at-risk
INV001697,9,2024-01-08,2025-05-22,62.5,287.0,118132,at-risk
INV001699,6,2024-01-02,2025-02-21,83.2,183.0,103956,at-risk
INV001709,6,2024-01-10,2024-09-25,51.8,84.0,50259,at-risk
INV001711,7,2024-03-13,2025-04-12,65.83333333333333,189.0,26390,at-risk
INV001712,6,2024-03-29,2025-02-25,66.6,144.0,66274,at-risk
INV001715,8,2024-01-31,2025-05-23,68.28571428571429,188.0,103613,at-risk
INV001718,6,2024-02-09,2025-04-04,84.0,237.0,151909,at-risk
INV001724,7,2024-02-18,2025-04-11,69.66666666666667,134.0,87580,at-risk
INV001728,8,2024-01-15,2025-01-03,50.57142857142857,131.0,142998,at-risk
INV001737,7,2024-02-08,2025-01-14,56.833333333333336,191.0,103141,at-risk
INV001738,9,2024-02-24,2025-03-10,47.5,153.0,157288,at-risk
INV001739,9,2024-02-28,2025-04-23,52.5,96.0,113721,at-risk
INV001741,6,2024-02-14,2025-05-06,89.4,260.0,94729,at-risk
INV001744,7,2024-01-11,2025-04-26,78.5,155.0,84479,at-risk
INV001752,7,2024-02-25,2025-04-16,69.33333333333333,170.0,50982,at-risk
INV001753,11,2024-03-07,2025-05-09,42.8,128.0,111704,at-risk
INV001757,8,2024-04-01,2025-04-25,55.57142857142857,121.0,16121,at-risk
INV001759,10,2024-02-17,2025-05-08,49.55555555555556,126.0,108215,at-risk
INV001769,6,2024-01-03,2025-05-07,98.0,166.0,28957,at-risk
INV001772,6,2024-01-21,2025-05-10,95.0,184.0,113146,at-risk
INV001775,8,2024-10-12,2025-05-04,29.142857142857142,65.0,92864,regular
INV001777,9,2024-01-27,2025-05-02,57.625,156.0,115340,at-risk
INV001778,8,2024-01-10,2025-03-30,63.57142857142857,283.0,54721,at-risk
INV001797,7,2024-02-07,2025-05-30,79.66666666666667,132.0,45355,at-risk
INV001800,7,2024-01-15,2024-11-08,49.666666666666664,132.0,100392,at-risk
INV001802,7,2024-05-02,2025-05-07,61.666666666666664,151.0,99376,at-risk
INV001803,6,2024-05-25,2025-03-16,59.0,127.0,29638,at-risk
INV001804,8,2024-02-06,2025-03-03,55.857142857142854,126.0,97734,at-risk
INV001806,8,2024-01-04,2025-02-27,60.0,209.0,98260,at-risk
INV001809,6,2024-01-21,2025-05-13,95.6,249.0,66937,at-risk
INV001811,9,2024-03-04,2025-05-12,54.25,196.0,234390,at-risk
INV001822,6,2024-03-16,2024-06-23,19.8,43.0,43103,regular
INV001823,8,2024-01-25,2025-03-07,58.142857142857146,172.0,30886,at-risk
INV001826,6,2024-02-25,2024-11-07,51.2,128.0,43001,at-risk
INV001828,8,2024-01-23,2024-11-29,44.42857142857143,91.0,57282,at-risk
INV001831,6,2024-03-03,2025-03-02,72.8,181.0,47766,at-risk
INV001837,7,2024-03-15,2025-03-27,62.833333333333336,157.0,75034,at-risk
INV001841,6,2024-06-21,2025-03-29,56.2,129.0,48729,at-risk
INV001853,8,2024-02-20,2025-01-17,47.42857142857143,95.0,158089,at-risk
INV001858,8,2024-04-05,2025-04-26,55.142857142857146,261.0,111198,at-risk
INV001865,7,2024-01-11,2025-01-26,63.5,145.0,37490,at-risk
INV001866,6,2024-02-27,2024-12-17,58.8,117.0,52342,at-risk
INV001870,7,2024-01-06,2025-04-06,76.0,164.0,151119,at-risk
INV001871,7,2024-01-26,2024-12-21,55.0,101.0,104709,at-risk
INV001883,6,2024-01-16,2025-05-26,99.2,203.0,16745,at-risk
INV001885,6,2024-03-05,2025-02-24,71.2,128.0,16314,at-risk
INV001886,9,2024-03-17,2025-04-27,50.75,129.0,73898,at-risk
INV001890,6,2024-01-02,2025-05-29,102.6,207.0,7890,at-risk
INV001891,6,2024-02-03,2025-05-30,96.4,261.0,22169,at-risk
INV001909,8,2024-02-21,2025-05-01,62.142857142857146,121.0,77716,at-risk
INV001912,6,2024-01-16,2025-03-23,86.4,256.0,72585,at-risk
INV001920,7,2024-09-02,2025-04-24,39.0,76.0,111406,at-risk
INV001921,8,2024-01-28,2025-05-22,68.57142857142857,225.0,94294,at-risk
INV001923,7,2024-01-06,2025-05-04,80.66666666666667,106.0,42011,at-risk
INV001924,7,2024-01-06,2024-12-26,59.166666666666664,119.0,95896,at-risk
INV001927,6,2024-05-22,2025-03-12,58.8,91.0,42729,at-risk
INV001929,6,2024-06-26,2025-05-23,66.2,242.0,67484,at-risk
INV001937,8,2024-03-30,2025-05-27,60.42857142857143,253.0,52043,at-risk
INV001938,9,2024-04-22,2025-04-01,43.0,112.0,46935,at-risk
INV001943,6,2024-02-26,2025-03-04,74.4,171.0,63792,at-risk
INV001950,7,2024-05-24,2025-05-20,60.166666666666664,134.0,88383,at-risk
INV001951,7,2024-04-26,2025-04-14,58.833333333333336,124.0,39840,at-risk
INV001954,6,2024-02-06,2025-04-15,86.8,273.0,38164,at-risk
INV001955,6,2024-02-15,2025-03-01,76.0,199.0,80106,at-risk
INV001961,6,2024-01-07,2025-02-27,83.4,234.0,87250,at-risk
INV001969,6,2024-01-15,2025-02-14,79.2,163.0,22578,at-risk
INV001971,8,2024-04-11,2025-04-29,54.714285714285715,87.0,96207,at-risk
INV001972,8,2024-01-14,2024-11-06,42.42857142857143,153.0,147921,at-risk
INV001978,6,2024-03-14,2025-05-04,83.2,112.0,33387,at-risk
INV001979,6,2024-07-28,2025-05-01,55.4,100.0,78262,at-risk
INV001982,6,2024-03-18,2025-05-21,85.8,289.0,118849,at-risk
INV001986,7,2024-07-03,2025-04-15,47.666666666666664,98.0,93572,at-risk
INV001987,7,2024-04-08,2025-05-15,67.0,241.0,101651,at-risk
INV001990,8,2024-06-17,2025-04-30,45.285714285714285,91.0,60133,at-risk
INV001993,6,2024-02-15,2024-11-24,56.6,147.0,42253,at-risk
INV001995,6,2024-02-18,2024-10-18,48.6,94.0,76418,at-risk
INV001997,6,2024-01-04,2025-03-22,88.6,168.0,23078,at-risk
INV002001,6,2024-03-17,2025-05-15,84.8,335.0,35997,at-risk
INV002006,6,2024-03-19,2025-03-22,73.6,157.0,56278,at-risk
INV002010,6,2024-01-11,2025-01-18,74.6,103.0,111364,at-risk
INV002017,7,2024-04-23,2025-01-16,44.666666666666664,99.0,48099,at-risk
INV002018,6,2024-03-24,2025-02-05,63.6,106.0,22792,at-risk
INV002019,6,2024-06-02,2025-05-12,68.8,117.0,50866,at-risk
INV002025,7,2024-05-24,2025-04-24,55.833333333333336,92.0,52531,at-risk
INV002033,7,2024-01-04,2024-11-29,55.0,123.0,43182,at-risk
INV002034,8,2024-01-06,2025-05-03,69.0,166.0,75286,at-risk
INV002037,6,2024-03-04,2024-08-17,33.2,61.0,58317,regular
INV002038,6,2024-01-16,2025-03-11,84.0,202.0,89042,at-risk
INV002051,6,2024-03-30,2025-04-27,78.6,159.0,101112,at-risk
INV002052,7,2024-02-08,2024-10-30,44.166666666666664,114.0,143832,at-risk
INV002069,10,2024-01-09,2025-03-12,47.55555555555556,95.0,82746,at-risk
INV002070,7,2024-01-10,2025-05-12,81.33333333333333,118.0,70993,at-risk
INV002083,10,2024-02-03,2025-05-13,51.666666666666664,193.0,142753,at-risk
INV002085,6,2024-02-29,2025-01-19,65.0,220.0,89035,at-risk
INV002090,6,2024-02-11,2025-05-07,90.2,231.0,38375,at-risk
INV002092,7,2024-05-20,2024-12-07,33.5,54.0,63358,regular
INV002101,6,2024-01-09,2025-02-13,80.2,248.0,71140,at-risk
INV002102,6,2024-06-16,2025-01-26,44.8,63.0,90782,at-risk
INV002107,8,2024-01-09,2025-05-21,71.14285714285714,298.0,100667,at-risk
INV002111,8,2024-01-24,2025-04-05,62.42857142857143,123.0,84899,at-risk
INV002119,6,2024-03-29,2025-04-23,78.0,195.0,82710,at-risk
INV002121,7,2024-04-05,2025-05-21,68.5,197.0,69342,at-risk
INV002122,7,2024-09-26,2025-05-26,40.333333333333336,97.0,66891,at-risk
INV002127,6,2024-05-18,2025-03-15,60.2,113.0,66425,at-risk
INV002134,7,2024-01-20,2025-05-30,82.66666666666667,180.0,29028,at-risk
INV002138,6,2024-01-22,2025-04-25,91.8,189.0,20298,at-risk
INV002142,9,2024-05-01,2025-04-30,45.5,162.0,118669,at-risk
INV002143,8,2024-01-15,2025-04-04,63.57142857142857,148.0,73958,at-risk
INV002149,8,2024-05-03,2025-02-23,42.285714285714285,215.0,71024,at-risk
INV002150,6,2024-03-14,2025-03-17,73.6,216.0,57183,at-risk
INV002151,9,2024-01-16,2025-05-13,60.375,201.0,185290,at-risk
INV002153,7,2024-03-22,2025-05-03,67.83333333333333,194.0,28131,at-risk
INV002154,6,2024-01-26,2025-04-17,89.4,175.0,42587,at-risk
INV002155,6,2024-04-02,2025-04-27,78.0,190.0,24270,at-risk
INV002157,7,2024-02-03,2025-01-19,58.5,142.0,66010,at-risk
INV002159,6,2024-06-18,2025-05-09,65.0,104.0,57957,at-risk
INV002162,9,2024-02-04,2025-05-16,58.375,198.0,176674,at-risk
INV002166,6,2024-01-01,2025-05-11,99.2,248.0,88421,at-risk
INV002171,7,2024-03-08,2025-02-06,55.833333333333336,150.0,55736,at-risk
INV002177,7,2024-03-16,2025-05-28,73.0,330.0,93321,at-risk
INV002178,8,2024-02-10,2025-05-20,66.42857142857143,236.0,66309,at-risk
INV002179,8,2024-02-10,2025-02-23,54.142857142857146,171.0,77276,at-risk
INV002182,7,2024-02-19,2025-04-17,70.5,148.0,127872,at-risk
INV002185,6,2024-03-16,2024-11-13,48.4,92.0,87101,at-risk
INV002186,7,2024-02-05,2025-04-29,74.83333333333333,167.0,110455,at-risk
INV002187,7,2024-04-02,2025-05-14,67.83333333333333,221.0,51698,at-risk
INV002195,9,2024-03-05,2025-04-03,49.25,154.0,141661,at-risk
INV002196,8,2024-01-02,2025-03-12,62.142857142857146,115.0,123014,at-risk
INV002198,9,2024-05-08,2025-04-17,43.0,93.0,50035,at-risk
INV002199,7,2024-02-14,2024-12-15,50.833333333333336,94.0,22813,at-risk
INV002202,8,2024-01-13,2025-05-20,70.42857142857143,276.0,16013,at-risk
INV002206,7,2024-02-22,2024-12-12,49.0,141.0,119856,at-risk
INV002208,7,2024-01-31,2025-04-03,71.33333333333333,142.0,113907,at-risk
INV002211,7,2024-03-28,2025-04-15,63.833333333333336,109.0,75896,at-risk
INV002216,8,2024-03-01,2025-05-07,61.714285714285715,172.0,122472,at-risk
INV002218,6,2024-03-31,2025-03-05,67.8,181.0,78519,at-risk
INV002219,8,2024-01-04,2025-05-14,70.85714285714286,166.0,41599,at-risk
INV002228,6,2024-02-24,2025-02-01,68.6,109.0,75215,at-risk
INV002229,6,2024-04-19,2025-03-08,64.6,101.0,113731,at-risk
INV002230,8,2024-03-18,2025-04-25,57.57142857142857,171.0,170960,at-risk
INV002232,7,2024-01-08,2025-02-26,69.16666666666667,174.0,105171,at-risk
INV002236,7,2024-01-16,2025-04-02,73.66666666666667,119.0,38246,at-risk
INV002237,7,2024-05-17,2025-03-23,51.666666666666664,142.0,61264,at-risk
INV002240,7,2024-02-02,2025-05-14,77.83333333333333,266.0,28229,at-risk
INV002241,7,2024-04-19,2025-05-18,65.66666666666667,124.0,40838,at-risk
INV002251,6,2024-06-24,2025-05-03,62.6,157.0,140754,at-risk
INV002256,6,2024-01-14,2025-01-26,75.6,115.0,86659,at-risk
INV002259,7,2024-04-27,2025-01-24,45.333333333333336,89.0,139276,at-risk
INV002260,6,2024-01-25,2025-02-17,77.8,235.0,43224,at-risk
INV002265,7,2024-05-07,2025-05-21,63.166666666666664,244.0,74670,at-risk
INV002277,7,2024-03-05,2025-04-13,67.33333333333333,127.0,58558,at-risk
INV002280,7,2024-03-15,2025-05-19,71.66666666666667,182.0,48070,at-risk
INV002282,6,2024-05-02,2025-01-23,53.2,102.0,90468,at-risk
INV002284,6,2024-02-13,2025-04-13,85.0,277.0,113616,at-risk
INV002290,6,2024-04-28,2025-03-02,61.6,112.0,49049,at-risk
INV002294,8,2024-04-01,2025-03-08,48.714285714285715,163.0,93669,at-risk
INV002295,7,2024-02-10,2025-03-03,64.5,159.0,97348,at-risk
INV002298,6,2024-09-30,2025-01-24,23.2,37.0,79273,regular
INV002304,10,2024-03-28,2025-04-15,42.55555555555556,104.0,88837,at-risk
INV002315,7,2024-03-01,2025-05-06,71.83333333333333,174.0,71574,at-risk
INV002319,7,2024-01-19,2025-01-13,60.0,123.0,77278,at-risk
INV002322,6,2024-05-28,2025-04-10,63.4,102.0,54669,at-risk
INV002327,6,2024-01-27,2025-02-12,76.4,215.0,17936,at-risk
INV002329,7,2024-01-06,2024-12-13,57.0,183.0,94661,at-risk
INV002342,6,2024-04-13,2025-04-19,74.2,212.0,43134,at-risk
INV002343,9,2024-01-04,2025-04-10,57.75,115.0,97388,at-risk
INV002347,9,2024-06-10,2025-04-30,40.5,79.0,30517,at-risk
INV002348,6,2024-01-30,2025-05-16,94.4,166.0,43335,at-risk
INV002349,6,2024-04-08,2024-12-25,52.2,75.0,31786,at-risk
INV002351,6,2024-03-13,2025-04-03,77.2,204.0,66039,at-risk
INV002357,7,2024-01-03,2025-02-16,68.33333333333333,240.0,77648,at-risk
INV002360,9,2024-03-05,2025-05-28,56.125,129.0,147868,at-risk
INV002361,6,2024-01-08,2024-10-11,55.4,198.0,123135,at-risk
INV002367,7,2024-05-11,2025-03-22,52.5,134.0,52309,at-risk
INV002368,7,2024-04-06,2025-04-08,61.166666666666664,215.0,36706,at-risk
INV002369,6,2024-04-02,2025-01-27,60.0,136.0,142348,at-risk
INV002370,7,2024-03-10,2025-05-05,70.16666666666667,237.0,89876,at-risk
INV002372,6,2024-01-26,2025-05-16,95.2,133.0,55170,at-risk
INV002373,8,2024-01-19,2025-05-24,70.14285714285714,154.0,177377,at-risk
INV002374,6,2024-10-21,2025-02-04,21.2,34.0,87120,regular
INV002384,10,2024-06-05,2025-05-23,39.111111111111114,92.0,107297,at-risk
INV002388,6,2024-11-27,2025-05-12,33.2,84.0,109517,regular
INV002389,10,2024-02-06,2025-05-08,50.77777777777778,126.0,37401,at-risk
INV002390,6,2024-03-20,2024-11-10,47.0,100.0,90741,at-risk
INV002391,6,2024-05-05,2024-11-22,40.2,124.0,59250,at-risk
INV002395,6,2024-01-17,2025-05-16,97.0,225.0,58610,at-risk
INV002400,9,2024-01-04,2025-03-22,55.375,141.0,37008,at-risk
INV002401,8,2024-01-12,2025-03-01,59.142857142857146,125.0,30941,at-risk
INV002402,7,2024-08-17,2025-05-27,47.166666666666664,89.0,91623,at-risk
INV002407,7,2024-08-02,2025-05-16,47.833333333333336,167.0,68991,at-risk
INV002409,8,2024-05-04,2025-05-28,55.57142857142857,125.0,88823,at-risk
INV002413,8,2024-05-24,2025-05-30,53.0,189.0,63974,at-risk
INV002415,8,2024-03-14,2025-04-20,57.42857142857143,110.0,96841,at-risk
INV002417,7,2024-01-03,2025-05-17,83.33333333333333,190.0,126729,at-risk
INV002418,6,2024-01-30,2025-05-02,91.6,128.0,34952,at-risk
INV002420,6,2024-01-15,2025-01-13,72.8,107.0,54588,at-risk
INV002422,10,2024-01-25,2025-04-22,50.333333333333336,139.0,78015,at-risk
INV002429,6,2024-02-16,2025-03-15,78.6,216.0,95082,at-risk
INV002434,6,2024-01-13,2025-03-29,88.2,217.0,38421,at-risk
INV002437,7,2024-04-25,2025-02-14,49.166666666666664,212.0,180355,at-risk
INV002445,8,2024-02-24,2024-11-17,38.142857142857146,117.0,93265,at-risk
INV002453,7,2024-03-14,2025-03-27,63.0,87.0,76815,at-risk
INV002458,6,2024-04-20,2025-04-17,72.4,232.0,80628,at-risk
INV002459,8,2024-02-03,2025-02-13,53.714285714285715,161.0,40242,at-risk
INV002463,6,2024-02-07,2025-05-29,95.4,236.0,43792,at-risk
INV002464,6,2024-02-21,2024-08-16,35.4,97.0,50372,at-risk
INV002466,7,2024-01-30,2025-05-28,80.66666666666667,270.0,96619,at-risk
INV002467,8,2024-01-03,2024-10-01,38.857142857142854,116.0,200058,at-risk
INV002471,6,2024-01-07,2024-10-15,56.4,98.0,65355,at-risk
INV002475,10,2024-03-06,2025-05-27,49.666666666666664,119.0,65140,at-risk
INV002476,6,2024-01-19,2025-03-24,86.0,235.0,74851,at-risk
INV002485,6,2024-03-25,2025-03-12,70.4,136.0,58588,at-risk
INV002490,8,2024-01-09,2025-05-13,70.0,125.0,221876,at-risk
INV002495,6,2024-01-04,2025-02-18,82.2,174.0,64609,at-risk
INV002496,6,2024-08-09,2025-05-01,53.0,156.0,28341,at-risk
INV002497,8,2024-01-13,2025-04-28,67.28571428571429,152.0,105613,at-risk
INV002508,9,2024-04-06,2025-05-24,51.625,171.0,128547,at-risk
INV002509,10,2024-02-07,2024-12-06,33.666666666666664,74.0,117779,regular
INV002510,7,2024-01-10,2025-01-30,64.33333333333333,176.0,83001,at-risk
INV002521,6,2024-04-27,2025-05-05,74.6,206.0,46638,at-risk
INV002527,7,2024-01-18,2024-11-11,49.666666666666664,93.0,9444,at-risk
INV002530,8,2024-01-05,2025-05-19,71.42857142857143,175.0,74111,at-risk
INV002531,7,2024-02-01,2025-05-04,76.33333333333333,182.0,30854,at-risk
INV002543,7,2024-02-05,2025-04-28,74.66666666666667,116.0,90368,at-risk
INV002547,6,2024-02-04,2025-04-24,89.0,181.0,19927,at-risk
INV002552,10,2024-01-10,2025-03-19,48.22222222222222,184.0,117496,at-risk
INV002554,7,2024-01-04,2024-10-28,49.666666666666664,100.0,51011,at-risk
INV002555,7,2024-01-30,2025-04-06,72.0,172.0,87655,at-risk
INV002557,7,2024-03-30,2025-05-07,67.16666666666667,264.0,32589,at-risk
INV002558,6,2024-01-23,2025-05-25,97.6,297.0,52002,at-risk
INV002560,6,2024-01-02,2025-04-22,95.2,155.0,25934,at-risk
INV002563,6,2024-01-27,2024-12-21,65.8,114.0,18179,at-risk
INV002567,6,2024-01-05,2025-02-18,82.0,127.0,51780,at-risk
INV002568,8,2024-03-02,2025-05-07,61.57142857142857,144.0,138384,at-risk
INV002570,7,2024-02-14,2025-02-20,62.0,150.0,26296,at-risk
INV002572,8,2024-04-24,2025-05-19,55.714285714285715,108.0,126760,at-risk
INV002574,6,2024-01-31,2025-03-03,79.4,139.0,98204,at-risk
INV002575,9,2024-02-18,2025-05-12,56.125,128.0,155419,at-risk
INV002579,6,2024-08-14,2025-03-06,40.8,71.0,136656,at-risk
INV002582,6,2024-02-01,2025-02-22,77.4,173.0,18333,at-risk
INV002585,6,2024-03-29,2025-02-17,65.0,124.0,46894,at-risk
INV002586,6,2024-03-13,2025-05-23,87.2,168.0,73304,at-risk
INV002590,10,2024-01-28,2025-04-24,50.22222222222222,125.0,151056,at-risk
INV002591,6,2024-06-19,2025-03-07,52.2,139.0,29695,at-risk
INV002594,6,2024-02-07,2025-05-22,94.0,244.0,98891,at-risk
INV002598,9,2024-02-21,2025-04-07,51.375,179.0,121198,at-risk
INV002602,8,2024-02-10,2025-05-17,66.0,151.0,95414,at-risk
INV002606,6,2024-03-02,2025-05-24,89.6,248.0,73666,at-risk
INV002613,8,2024-02-16,2025-05-16,65.0,143.0,23849,at-risk
INV002622,7,2024-01-29,2025-05-03,76.66666666666667,244.0,64167,at-risk
INV002627,6,2024-03-23,2025-05-22,85.0,182.0,40609,at-risk
INV002628,6,2024-02-01,2025-02-20,77.0,322.0,42616,at-risk
INV002632,8,2024-01-26,2025-04-29,65.57142857142857,180.0,70430,at-risk
INV002640,7,2024-01-29,2025-03-24,70.0,153.0,66928,at-risk
INV002643,6,2024-02-03,2025-02-08,74.2,229.0,32343,at-risk
INV002645,7,2024-03-16,2024-12-12,45.166666666666664,133.0,89681,at-risk
INV002654,8,2024-02-05,2025-04-13,61.857142857142854,115.0,97131,at-risk
INV002659,7,2024-03-17,2025-03-26,62.333333333333336,224.0,96575,at-risk
INV002666,7,2024-06-06,2025-04-21,53.166666666666664,100.0,50807,at-risk
INV002671,7,2024-02-10,2025-05-18,77.16666666666667,163.0,121426,at-risk
INV002673,8,2024-02-21,2025-05-21,65.0,147.0,205287,at-risk
INV002674,6,2024-02-06,2025-02-19,75.8,153.0,109896,at-risk
INV002675,8,2024-02-05,2025-04-27,63.857142857142854,138.0,104247,at-risk
INV002681,7,2024-01-13,2025-05-29,83.66666666666667,161.0,77813,at-risk
INV002684,6,2024-01-28,2025-03-06,80.6,266.0,81047,at-risk
INV002688,9,2024-06-25,2025-04-17,37.0,122.0,127567,at-risk
INV002689,8,2024-03-10,2025-02-23,50.0,115.0,78790,at-risk
INV002693,7,2024-06-06,2025-03-08,45.833333333333336,72.0,166843,at-risk
INV002697,7,2024-01-20,2024-12-17,55.333333333333336,199.0,61207,at-risk
INV002700,7,2024-01-10,2025-05-03,79.83333333333333,140.0,40488,at-risk
INV002704,8,2024-03-19,2025-05-07,59.142857142857146,139.0,75458,at-risk
INV002705,8,2024-04-11,2024-09-16,22.571428571428573,70.0,53493,regular
INV002706,6,2024-03-26,2025-03-29,73.6,133.0,69684,at-risk
INV002711,8,2024-01-26,2025-04-29,65.57142857142857,230.0,73628,at-risk
INV002712,11,2024-02-06,2025-05-19,46.8,174.0,102129,at-risk
INV002722,6,2024-06-08,2025-04-11,61.4,178.0,36876,at-risk
INV002723,9,2024-07-31,2025-05-29,37.75,102.0,44585,at-risk
INV002724,6,2024-02-15,2025-03-04,76.6,187.0,94701,at-risk
INV002726,8,2024-06-18,2025-05-03,45.57142857142857,84.0,41222,at-risk
INV002732,8,2024-01-07,2025-05-16,70.71428571428571,151.0,96854,at-risk
INV002733,8,2024-05-25,2025-05-21,51.57142857142857,150.0,56424,at-risk
INV002735,7,2024-03-23,2025-05-06,68.16666666666667,136.0,88635,at-risk
INV002736,6,2024-01-17,2025-01-04,70.6,323.0,64757,at-risk
INV002737,8,2024-03-30,2025-05-13,58.42857142857143,104.0,102279,at-risk
INV002743,6,2024-03-14,2025-05-29,88.2,190.0,40865,at-risk
INV002744,10,2024-01-31,2025-05-21,52.888888888888886,139.0,64967,at-risk
INV002746,8,2024-01-14,2025-05-04,68.0,206.0,48769,at-risk
INV002750,6,2024-03-17,2025-03-14,72.4,254.0,54778,at-risk
INV002751,7,2024-05-15,2025-01-19,41.5,102.0,95314,at-risk
INV002758,6,2024-03-17,2025-04-26,81.0,263.0,100322,at-risk
INV002761,6,2024-03-01,2025-04-08,80.6,312.0,61101,at-risk
INV002766,6,2024-05-21,2025-05-09,70.6,151.0,73612,at-risk
INV002767,7,2024-06-14,2025-05-12,55.333333333333336,145.0,54936,at-risk
INV002769,7,2024-01-23,2025-05-29,82.0,141.0,149870,at-risk
INV002772,7,2024-01-09,2025-03-31,74.5,168.0,59984,at-risk
INV002779,6,2024-06-24,2025-05-11,64.2,151.0,120653,at-risk
INV002783,7,2024-05-05,2025-05-24,64.0,126.0,63570,at-risk
INV002786,7,2024-01-12,2025-04-14,76.33333333333333,124.0,94391,at-risk
INV002793,7,2024-05-30,2025-05-21,59.333333333333336,125.0,73091,at-risk
INV002794,7,2024-02-12,2025-01-14,56.166666666666664,111.0,62084,at-risk
INV002799,6,2024-01-27,2025-01-15,70.8,129.0,77732,at-risk
INV002800,7,2024-03-12,2025-03-28,63.5,108.0,92767,at-risk
INV002803,7,2024-02-16,2025-03-11,64.83333333333333,176.0,32936,at-risk
INV002804,8,2024-03-27,2025-05-20,59.857142857142854,209.0,50641,at-risk
INV002808,7,2024-05-04,2025-04-27,59.666666666666664,120.0,114782,at-risk
INV002809,6,2024-03-23,2025-05-04,81.4,276.0,27992,at-risk
INV002810,8,2024-06-26,2025-02-07,32.285714285714285,139.0,198382,regular
INV002813,7,2024-04-30,2025-02-18,49.0,149.0,58938,at-risk
INV002822,7,2024-07-02,2025-05-16,53.0,108.0,79723,at-risk
INV002824,7,2024-02-25,2025-05-01,71.83333333333333,223.0,129424,at-risk
INV002826,6,2024-01-20,2024-11-23,61.6,91.0,16841,at-risk
INV002827,6,2024-02-15,2025-02-17,73.6,200.0,31630,at-risk
INV002828,6,2024-02-22,2025-03-28,80.0,211.0,24496,at-risk
INV002831,6,2024-05-28,2024-12-15,40.2,72.0,41114,at-risk
INV002835,7,2024-01-06,2025-05-14,82.33333333333333,233.0,66597,at-risk
INV002838,8,2024-03-28,2025-04-29,56.714285714285715,116.0,85390,at-risk
INV002841,6,2024-09-09,2025-04-14,43.4,102.0,66169,at-risk
INV002843,8,2024-07-18,2025-05-16,43.142857142857146,128.0,39772,at-risk
INV002847,10,2024-01-03,2025-04-21,52.666666666666664,129.0,54971,at-risk
INV002850,7,2024-04-13,2025-02-26,53.166666666666664,166.0,60216,at-risk
INV002852,6,2024-03-09,2025-03-23,75.8,207.0,72731,at-risk
INV002859,7,2024-02-15,2025-05-19,76.5,198.0,102010,at-risk
INV002863,6,2024-01-15,2025-01-21,74.4,199.0,64141,at-risk
INV002865,6,2024-04-21,2024-10-24,37.2,50.0,101007,at-risk
INV002870,6,2024-01-18,2024-09-15,48.2,109.0,46965,at-risk
INV002872,6,2024-03-19,2025-05-21,85.6,199.0,46749,at-risk
INV002873,6,2024-01-18,2025-05-23,98.2,235.0,103488,at-risk
INV002879,7,2024-03-20,2025-05-27,72.16666666666667,125.0,67219,at-risk
INV002881,6,2024-04-08,2024-11-12,43.6,110.0,73870,at-risk
INV002883,6,2024-01-18,2025-05-12,96.0,176.0,127978,at-risk
INV002886,7,2024-01-24,2024-10-16,44.333333333333336,137.0,111958,at-risk
INV002891,8,2024-01-04,2025-05-27,72.71428571428571,166.0,91856,at-risk
INV002893,9,2024-01-01,2025-02-04,50.0,148.0,67163,at-risk
INV002900,6,2024-05-20,2025-04-06,64.2,136.0,74395,at-risk
INV002903,6,2024-02-04,2025-04-27,89.6,176.0,34145,at-risk
INV002904,7,2024-06-25,2025-04-17,49.333333333333336,104.0,21362,at-risk
INV002905,6,2024-03-03,2025-03-03,73.0,221.0,41724,at-risk
INV002906,6,2024-06-23,2025-01-15,41.2,74.0,88578,at-risk
INV002909,7,2024-01-13,2025-05-21,82.33333333333333,263.0,78147,at-risk
INV002912,6,2024-01-22,2025-05-21,97.0,342.0,82487,at-risk
INV002913,7,2024-02-08,2025-04-25,73.66666666666667,168.0,83828,at-risk
INV002915,8,2024-03-02,2025-02-10,49.285714285714285,117.0,115638,at-risk
INV002921,7,2024-04-28,2025-03-14,53.333333333333336,121.0,150805,at-risk
INV002927,8,2024-08-01,2025-05-10,40.285714285714285,79.0,84741,at-risk
INV002935,7,2024-05-08,2025-02-20,48.0,72.0,50280,at-risk
INV002937,7,2024-02-15,2025-03-24,67.16666666666667,184.0,137371,at-risk
INV002939,7,2024-04-23,2025-04-21,60.5,127.0,52116,at-risk
INV002942,9,2024-01-14,2025-04-02,55.5,180.0,85118,at-risk
INV002945,8,2024-01-27,2025-04-26,65.0,139.0,119666,at-risk
INV002947,7,2024-01-05,2025-01-24,64.16666666666667,152.0,35512,at-risk
INV002950,8,2024-05-21,2025-04-07,45.857142857142854,119.0,52718,at-risk
INV002951,7,2024-03-03,2025-01-08,51.833333333333336,82.0,41135,at-risk
INV002961,7,2024-01-02,2025-05-24,84.66666666666667,231.0,116671,at-risk
INV002974,7,2024-05-13,2025-03-17,51.333333333333336,105.0,91467,at-risk
INV002984,6,2024-01-24,2025-04-23,91.0,200.0,49158,at-risk
INV002989,6,2024-02-15,2025-04-23,86.6,182.0,97001,at-risk
INV002994,7,2024-05-13,2025-04-27,58.166666666666664,142.0,109553,at-risk
INV003000,7,2024-03-13,2025-04-19,67.0,137.0,54577,at-risk
INV003003,9,2024-02-04,2025-05-15,58.25,100.0,43344,at-risk
INV003005,8,2024-02-28,2025-03-06,53.142857142857146,107.0,92598,at-risk
INV003007,9,2024-05-05,2025-05-26,48.25,162.0,50688,at-risk
INV003009,9,2024-06-16,2025-04-17,38.125,84.0,44642,at-risk
INV003011,7,2024-02-09,2025-02-28,64.16666666666667,154.0,49243,at-risk
INV003014,6,2024-04-09,2025-05-26,82.4,144.0,203009,at-risk
INV003015,7,2024-06-27,2025-05-21,54.666666666666664,91.0,114153,at-risk
INV003018,6,2024-03-13,2024-11-14,49.2,156.0,48461,at-risk
INV003022,6,2024-03-22,2025-03-05,69.6,123.0,108990,at-risk
INV003024,6,2024-09-24,2025-05-03,44.2,122.0,49549,at-risk
INV003025,8,2024-02-18,2024-10-22,35.285714285714285,65.0,71546,at-risk
INV003028,6,2024-01-02,2025-04-03,91.4,183.0,77674,at-risk
INV003034,6,2024-05-07,2025-05-09,73.4,118.0,92731,at-risk
INV003036,8,2024-04-16,2025-05-25,57.714285714285715,138.0,134774,at-risk
INV003037,7,2024-02-08,2025-05-30,79.5,300.0,42399,at-risk
INV003040,6,2024-01-06,2025-01-10,74.0,194.0,51162,at-risk
INV003043,7,2024-01-30,2025-04-17,73.83333333333333,131.0,78142,at-risk
INV003044,7,2024-02-24,2025-04-26,71.16666666666667,237.0,60913,at-risk
INV003045,6,2024-03-07,2024-09-04,36.2,71.0,32392,at-risk
INV003047,8,2024-01-20,2025-05-25,70.14285714285714,215.0,137083,at-risk
INV003054,7,2024-01-01,2025-04-17,78.66666666666667,209.0,76249,at-risk
INV003060,7,2024-01-06,2025-04-24,79.0,135.0,69534,at-risk
INV003063,7,2024-01-05,2024-12-17,57.833333333333336,112.0,27315,at-risk
INV003070,9,2024-01-06,2025-03-17,54.5,132.0,116790,at-risk
INV003074,6,2024-02-23,2025-03-03,74.8,123.0,78967,at-risk
INV003075,8,2024-01-05,2025-02-10,57.42857142857143,128.0,169132,at-risk
INV003078,7,2024-02-12,2025-04-02,69.16666666666667,126.0,55176,at-risk
INV003082,8,2024-03-16,2025-02-04,46.42857142857143,142.0,40228,at-risk
INV003083,6,2024-01-25,2024-12-22,66.4,169.0,38189,at-risk
INV003089,6,2024-01-23,2024-12-13,65.0,107.0,72760,at-risk
INV003091,9,2024-03-12,2025-04-23,50.875,199.0,35993,at-risk
INV003095,6,2024-03-03,2025-05-10,86.6,175.0,64248,at-risk
INV003097,8,2024-01-06,2025-03-20,62.714285714285715,121.0,151274,at-risk
INV003105,7,2024-02-16,2025-03-15,65.5,140.0,121433,at-risk
INV003112,6,2024-01-22,2025-04-24,91.6,173.0,68105,at-risk
INV003113,8,2024-01-20,2025-05-02,66.85714285714286,159.0,115572,at-risk
INV003115,6,2024-05-01,2024-12-27,48.0,125.0,103814,at-risk
INV003117,8,2024-02-10,2025-05-21,66.57142857142857,115.0,74326,at-risk
INV003134,7,2024-02-10,2025-05-16,76.83333333333333,172.0,111805,at-risk
INV003139,7,2024-03-21,2025-02-15,55.166666666666664,133.0,79357,at-risk
INV003140,8,2024-03-11,2025-04-14,57.0,125.0,47273,at-risk
INV003141,7,2024-02-13,2025-03-24,67.5,225.0,87927,at-risk
INV003144,7,2024-01-11,2025-05-20,82.5,243.0,54671,at-risk
INV003146,9,2024-02-01,2025-05-22,59.5,283.0,116340,at-risk
INV003151,6,2024-04-11,2025-05-21,81.0,146.0,38290,at-risk
INV003153,7,2024-02-14,2024-10-15,40.666666666666664,156.0,82703,at-risk
INV003158,9,2024-01-27,2025-04-16,55.625,138.0,95466,at-risk
INV003161,6,2024-03-09,2025-03-31,77.4,118.0,45870,at-risk
INV003169,6,2024-05-16,2025-03-25,62.6,178.0,31020,at-risk
INV003178,6,2024-02-18,2024-11-26,56.4,84.0,39480,at-risk
INV003179,9,2024-01-25,2025-04-19,56.25,151.0,64309,at-risk
INV003185,6,2024-05-24,2025-04-15,65.2,116.0,78275,at-risk
INV003187,9,2024-02-01,2025-05-12,58.25,244.0,51008,at-risk
INV003189,9,2024-02-02,2025-04-18,55.125,198.0,34519,at-risk
INV003191,6,2024-03-17,2025-04-05,76.8,138.0,31967,at-risk
INV003193,6,2024-01-05,2025-05-02,96.6,294.0,65353,at-risk
INV003196,7,2024-01-04,2025-04-30,80.33333333333333,319.0,34448,at-risk
INV003205,7,2024-03-12,2025-04-22,67.66666666666667,111.0,50635,at-risk
INV003210,6,2024-01-12,2025-01-07,72.2,112.0,18851,at-risk
INV003211,7,2024-02-19,2025-04-08,69.0,104.0,73285,at-risk
INV003214,6,2024-03-19,2025-01-12,59.8,170.0,58100,at-risk
INV003215,7,2024-01-19,2025-01-18,60.833333333333336,105.0,30900,at-risk
INV003219,6,2024-02-27,2024-12-09,57.2,86.0,111640,at-risk
INV003221,7,2024-01-17,2025-01-18,61.166666666666664,99.0,188581,at-risk
INV003222,7,2024-01-12,2025-05-15,81.5,190.0,46924,at-risk
INV003223,8,2024-01-25,2025-05-13,67.71428571428571,331.0,115743,at-risk
INV003228,7,2024-02-02,2025-03-29,70.16666666666667,256.0,88333,at-risk
INV003230,7,2024-02-19,2025-03-30,67.5,251.0,59960,at-risk
INV003231,7,2024-01-17,2025-05-29,83.0,253.0,61212,at-risk
INV003234,6,2024-01-19,2025-05-16,96.6,188.0,45926,at-risk
INV003236,9,2024-01-18,2025-03-02,51.125,115.0,120464,at-risk
INV003242,7,2024-05-05,2025-05-06,61.0,159.0,60420,at-risk
INV003247,6,2024-03-30,2025-05-27,84.6,206.0,94982,at-risk
INV003252,6,2024-05-05,2025-04-08,67.6,192.0,102990,at-risk
INV003256,7,2024-07-25,2025-05-27,51.0,90.0,94745,at-risk
INV003257,6,2024-07-25,2025-05-30,61.8,139.0,145848,at-risk
INV003260,6,2024-02-15,2025-05-07,89.4,247.0,66384,at-risk
INV003262,6,2024-01-13,2025-03-14,85.2,162.0,140022,at-risk
INV003267,6,2024-01-10,2025-01-16,74.4,197.0,20825,at-risk
INV003271,7,2024-02-09,2025-02-10,61.166666666666664,157.0,38769,at-risk
INV003273,8,2024-03-17,2025-05-12,60.142857142857146,134.0,195095,at-risk
INV003277,8,2024-05-19,2025-05-30,53.714285714285715,192.0,81268,at-risk
INV003279,9,2024-01-07,2025-05-28,63.375,147.0,155774,at-risk
INV003289,7,2024-02-15,2025-03-10,64.83333333333333,183.0,105165,at-risk
INV003300,6,2024-04-25,2025-03-15,64.8,219.0,92258,at-risk
INV003301,9,2024-01-25,2025-05-14,59.375,113.0,183141,at-risk
INV003304,10,2024-01-14,2025-02-15,44.22222222222222,180.0,135315,at-risk
INV003308,9,2024-02-19,2025-05-18,56.75,141.0,133172,at-risk
INV003310,6,2024-02-26,2025-04-05,80.8,154.0,33878,at-risk
INV003311,9,2024-04-09,2025-04-28,48.0,149.0,43171,at-risk
INV003314,7,2024-02-15,2025-05-01,73.5,210.0,179149,at-risk
INV003317,8,2024-04-02,2025-02-05,44.142857142857146,71.0,75540,at-risk
INV003320,8,2024-04-06,2025-02-17,45.285714285714285,192.0,107141,at-risk
INV003325,6,2024-01-07,2025-05-26,101.0,155.0,42846,at-risk
INV003329,6,2024-01-17,2025-04-06,89.0,230.0,113204,at-risk
INV003336,7,2024-02-24,2025-05-03,72.33333333333333,133.0,134860,at-risk
INV003338,9,2024-05-21,2025-03-17,37.5,155.0,153954,at-risk
INV003344,6,2024-02-10,2025-04-18,86.6,190.0,30966,at-risk
INV003350,6,2024-02-14,2025-05-21,92.4,191.0,27929,at-risk
INV003351,6,2024-07-15,2025-04-11,54.0,86.0,104400,at-risk
INV003352,8,2024-01-11,2025-05-02,68.14285714285714,279.0,113976,at-risk
INV003357,6,2024-05-17,2025-03-25,62.4,100.0,56022,at-risk
INV003360,8,2024-03-14,2025-05-04,59.42857142857143,163.0,66401,at-risk
INV003370,7,2024-03-13,2025-03-28,63.333333333333336,206.0,82199,at-risk
INV003372,6,2024-03-04,2024-12-26,59.4,118.0,31020,at-risk
INV003374,7,2024-06-11,2025-05-16,56.5,128.0,49043,at-risk
INV003375,8,2024-04-30,2025-05-04,52.714285714285715,158.0,135524,at-risk
INV003376,6,2024-03-21,2025-05-24,85.8,199.0,80609,at-risk
INV003379,7,2024-01-03,2025-03-29,75.16666666666667,268.0,53335,at-risk
INV003380,6,2024-03-02,2025-02-27,72.4,155.0,35744,at-risk
INV003382,6,2024-07-13,2024-12-31,34.2,85.0,70423,regular
INV003391,6,2024-06-06,2025-03-16,56.6,193.0,75689,at-risk
INV003393,8,2024-03-02,2025-05-22,63.714285714285715,178.0,73545,at-risk
INV003395,6,2024-03-08,2025-04-07,79.0,192.0,56160,at-risk
INV003398,8,2024-02-27,2025-03-21,55.42857142857143,140.0,47267,at-risk
INV003403,6,2024-02-01,2024-11-10,56.6,116.0,50522,at-risk
INV003404,8,2024-03-01,2025-02-16,50.285714285714285,198.0,80637,at-risk
INV003405,8,2024-07-02,2025-04-15,41.0,186.0,95007,at-risk
INV003406,8,2024-02-02,2025-03-21,59.0,251.0,104922,at-risk
INV003407,8,2024-03-03,2025-04-09,57.42857142857143,146.0,51571,at-risk
INV003422,7,2024-01-07,2025-05-29,84.66666666666667,167.0,84910,at-risk
INV003424,7,2024-02-16,2025-04-30,73.16666666666667,124.0,60522,at-risk
INV003427,6,2024-02-05,2025-04-01,84.2,266.0,117717,at-risk
INV003430,6,2024-05-27,2025-05-29,73.4,104.0,54715,at-risk
INV003431,6,2024-07-01,2025-03-15,51.4,152.0,65461,at-risk
INV003432,7,2024-02-16,2025-02-18,61.333333333333336,97.0,63809,at-risk
INV003435,7,2024-02-13,2025-05-01,73.83333333333333,140.0,94339,at-risk
INV003437,6,2024-02-06,2025-05-07,91.2,226.0,43627,at-risk
INV003448,7,2024-02-04,2025-04-26,74.5,200.0,22057,at-risk
INV003450,10,2024-02-29,2025-05-03,47.666666666666664,158.0,140759,at-risk
INV003455,7,2024-05-17,2024-12-16,35.5,76.0,79732,at-risk
INV003457,7,2024-04-13,2025-04-11,60.5,117.0,75273,at-risk
INV003458,8,2024-02-06,2025-05-26,67.85714285714286,206.0,35913,at-risk
INV003459,6,2024-07-08,2025-05-01,59.4,113.0,42636,at-risk
INV003473,6,2024-01-08,2025-05-01,95.8,213.0,40058,at-risk
INV003475,9,2024-01-14,2025-04-06,56.0,155.0,75542,at-risk
INV003478,9,2024-01-27,2025-04-24,56.625,195.0,135853,at-risk
INV003479,8,2024-02-08,2025-05-13,65.71428571428571,164.0,90730,at-risk
INV003480,6,2024-01-18,2025-03-05,82.4,211.0,37752,at-risk
INV003484,6,2024-02-10,2025-02-13,73.8,333.0,108256,at-risk
INV003487,6,2024-02-29,2025-02-16,70.6,155.0,96051,at-risk
INV003491,9,2024-02-12,2025-05-30,59.125,119.0,58181,at-risk
INV003492,6,2024-02-10,2025-05-09,90.8,162.0,39990,at-risk
INV003495,10,2024-02-03,2025-04-21,49.22222222222222,121.0,76439,at-risk
INV003506,7,2024-04-18,2025-05-25,67.0,132.0,27834,at-risk
INV003509,9,2024-01-20,2025-05-21,60.875,149.0,91824,at-risk
INV003511,8,2024-01-19,2025-04-22,65.57142857142857,183.0,71560,at-risk
INV003514,6,2024-03-09,2025-03-15,74.2,172.0,90699,at-risk
INV003518,6,2024-04-22,2025-03-27,67.8,157.0,38843,at-risk
INV003521,6,2024-02-28,2025-05-18,89.0,183.0,46547,at-risk
INV003524,7,2024-02-18,2025-03-09,64.16666666666667,203.0,74739,at-risk
INV003526,6,2024-01-30,2025-04-15,88.2,224.0,30478,at-risk
INV003528,9,2024-01-23,2025-05-06,58.625,186.0,143222,at-risk
INV003530,6,2024-09-13,2025-05-26,51.0,101.0,78084,at-risk
INV003531,6,2024-01-17,2025-02-02,76.4,185.0,71480,at-risk
INV003534,8,2024-03-30,2025-04-03,52.714285714285715,160.0,53508,at-risk
INV003545,6,2024-01-27,2025-04-21,90.0,210.0,34569,at-risk
INV003556,6,2024-04-19,2025-05-12,77.6,129.0,37784,at-risk
INV003557,6,2024-04-03,2025-03-01,66.4,156.0,49343,at-risk
INV003558,7,2024-03-10,2024-10-31,39.166666666666664,66.0,76056,at-risk
INV003559,10,2024-01-25,2025-04-04,48.333333333333336,118.0,131836,at-risk
INV003562,7,2024-01-31,2025-05-28,80.5,165.0,77371,at-risk
INV003564,8,2024-01-06,2025-05-17,71.0,292.0,196080,at-risk
INV003580,7,2024-02-09,2025-04-17,72.16666666666667,227.0,64406,at-risk
INV003581,8,2024-06-03,2025-05-28,51.285714285714285,95.0,39296,at-risk
INV003582,7,2024-06-17,2025-04-09,49.333333333333336,167.0,74240,at-risk
INV003586,8,2024-04-20,2025-05-05,54.285714285714285,113.0,138874,at-risk
INV003592,6,2024-02-06,2025-02-18,75.6,202.0,69765,at-risk
INV003593,6,2024-02-12,2025-03-09,78.2,166.0,94754,at-risk
INV003598,8,2024-01-15,2025-05-05,68.0,114.0,28496,at-risk
INV003599,6,2024-01-24,2024-09-30,50.0,100.0,94188,at-risk
INV003601,9,2024-05-18,2025-05-15,45.25,118.0,59029,at-risk
INV003604,6,2024-01-15,2025-04-10,90.2,188.0,71928,at-risk
INV003607,6,2024-05-15,2025-05-02,70.4,253.0,24597,at-risk
INV003611,7,2024-04-01,2025-05-19,68.83333333333333,228.0,97349,at-risk
INV003613,8,2024-01-28,2025-05-14,67.42857142857143,283.0,85140,at-risk
INV003619,6,2024-05-14,2025-05-09,72.0,113.0,31477,at-risk
INV003625,6,2024-05-19,2025-03-27,62.4,168.0,87326,at-risk
INV003627,7,2024-05-25,2025-05-15,59.166666666666664,152.0,16009,at-risk
INV003630,7,2024-04-14,2025-02-20,52.0,96.0,32857,at-risk
INV003633,6,2024-03-26,2025-04-24,78.8,119.0,123491,at-risk
INV003634,6,2024-02-15,2024-10-11,47.8,83.0,65193,at-risk
INV003635,10,2024-01-28,2025-03-27,47.111111111111114,95.0,111446,at-risk
INV003641,8,2024-01-05,2025-04-18,67.0,219.0,91123,at-risk
INV003642,7,2024-01-24,2024-12-08,53.166666666666664,217.0,114117,at-risk
INV003645,6,2024-01-29,2025-05-19,95.2,257.0,18205,at-risk
INV003649,6,2024-01-22,2025-05-20,96.8,195.0,86339,at-risk
INV003650,11,2024-02-24,2025-01-28,33.9,86.0,43669,regular
INV003654,7,2024-05-29,2025-05-27,60.5,124.0,112702,at-risk
INV003655,10,2024-02-13,2025-05-06,49.77777777777778,198.0,180197,at-risk
INV003658,8,2024-01-02,2025-05-11,70.71428571428571,143.0,44354,at-risk
INV003660,6,2024-02-16,2025-03-17,79.0,164.0,67446,at-risk
INV003669,7,2024-05-25,2025-04-11,53.5,98.0,90038,at-risk
INV003670,8,2024-01-01,2025-05-11,70.85714285714286,160.0,83061,at-risk
INV003672,6,2024-02-24,2025-03-16,77.2,180.0,129739,at-risk
INV003673,8,2024-01-16,2025-05-12,68.85714285714286,160.0,63876,at-risk
INV003678,6,2024-11-15,2025-04-28,32.8,45.0,49783,regular
INV003681,9,2024-03-10,2025-04-22,51.0,101.0,26004,at-risk
INV003683,6,2024-01-11,2025-04-17,92.4,165.0,85416,at-risk
INV003684,6,2024-01-25,2025-05-30,98.2,229.0,50536,at-risk
INV003685,6,2024-04-19,2025-05-25,80.2,132.0,142912,at-risk
INV003686,6,2024-01-26,2025-05-23,96.6,328.0,70889,at-risk
INV003693,7,2024-01-17,2025-03-20,71.33333333333333,234.0,102514,at-risk
INV003695,7,2024-07-13,2025-05-19,51.666666666666664,157.0,31236,at-risk
INV003696,6,2024-04-14,2025-04-28,75.8,190.0,110522,at-risk
INV003697,7,2024-02-13,2025-05-18,76.66666666666667,163.0,97774,at-risk
INV003702,7,2024-01-13,2025-03-24,72.66666666666667,118.0,99074,at-risk
INV003705,6,2024-01-04,2025-02-01,78.8,152.0,114828,at-risk
INV003707,6,2024-01-04,2024-12-12,68.6,152.0,152934,at-risk
INV003708,7,2024-04-27,2025-04-25,60.5,104.0,27823,at-risk
INV003709,6,2024-04-22,2025-05-28,80.2,181.0,52354,at-risk
INV003710,6,2024-01-31,2025-02-27,78.6,118.0,86512,at-risk
INV003711,6,2024-01-28,2025-01-23,72.2,145.0,87930,at-risk
INV003712,6,2024-04-07,2025-05-10,79.6,163.0,64551,at-risk
INV003713,7,2024-01-08,2025-05-11,81.5,161.0,123416,at-risk
INV003718,6,2024-02-20,2025-05-22,91.4,284.0,81262,at-risk
INV003720,6,2024-03-09,2025-03-17,74.6,116.0,23110,at-risk
INV003722,7,2024-05-21,2025-03-21,50.666666666666664,135.0,192710,at-risk
INV003723,6,2024-02-23,2024-12-28,61.8,124.0,39630,at-risk
INV003724,7,2024-01-30,2025-03-13,68.0,169.0,80168,at-risk
INV003733,6,2024-01-12,2025-03-31,88.8,174.0,14893,at-risk
INV003734,8,2024-02-19,2025-04-07,59.0,290.0,69855,at-risk
INV003735,8,2024-03-29,2025-02-13,45.857142857142854,104.0,88089,at-risk
INV003736,7,2024-01-11,2025-04-18,77.16666666666667,120.0,58959,at-risk
INV003738,6,2024-08-25,2025-05-05,50.6,117.0,21307,at-risk
INV003740,7,2024-04-05,2025-02-10,51.833333333333336,172.0,122048,at-risk
INV003741,7,2024-01-18,2025-02-27,67.66666666666667,159.0,55275,at-risk
INV003744,6,2024-03-13,2025-05-21,86.8,187.0,23676,at-risk
INV003745,6,2024-04-07,2025-03-24,70.2,183.0,26414,at-risk
INV003748,8,2024-02-05,2025-03-04,56.142857142857146,182.0,41447,at-risk
INV003757,7,2024-01-17,2025-05-22,81.83333333333333,156.0,54152,at-risk
INV003761,8,2024-04-02,2025-03-31,51.857142857142854,150.0,29681,at-risk
INV003766,8,2024-02-21,2025-05-23,65.28571428571429,192.0,94475,at-risk
INV003767,9,2024-01-19,2025-02-02,47.5,125.0,129327,at-risk
INV003771,10,2024-01-12,2025-04-13,50.77777777777778,130.0,111757,at-risk
INV003772,9,2024-03-19,2024-12-20,34.5,72.0,28922,regular
INV003775,6,2024-04-28,2025-05-03,74.0,151.0,112218,at-risk
INV003779,6,2024-03-30,2025-04-16,76.4,160.0,17001,at-risk
INV003780,8,2024-02-01,2025-03-09,57.42857142857143,135.0,76001,at-risk
INV003781,7,2024-02-07,2025-03-02,64.83333333333333,199.0,47391,at-risk
INV003785,6,2024-04-11,2025-04-17,74.2,160.0,113979,at-risk
INV003787,9,2024-01-09,2025-05-29,63.25,178.0,87076,at-risk
INV003793,7,2024-02-03,2025-04-12,72.33333333333333,203.0,134386,at-risk
INV003795,7,2024-01-05,2025-02-14,67.66666666666667,122.0,58273,at-risk
INV003811,7,2024-01-14,2025-04-30,78.66666666666667,141.0,133025,at-risk
INV003812,7,2024-07-02,2025-05-03,50.833333333333336,174.0,52802,at-risk
INV003813,6,2024-01-30,2025-03-16,82.2,122.0,64566,at-risk
INV003815,7,2024-02-07,2025-04-17,72.5,217.0,67344,at-risk
INV003824,7,2024-03-14,2025-05-17,71.5,196.0,89175,at-risk
INV003825,6,2024-03-22,2025-05-02,81.2,99.0,81324,at-risk
INV003828,7,2024-02-25,2024-08-27,30.666666666666668,109.0,130613,regular
INV003829,10,2024-02-12,2025-04-24,48.55555555555556,159.0,46819,at-risk
INV003830,6,2024-01-24,2025-01-15,71.4,115.0,138223,at-risk
INV003844,7,2024-03-06,2025-04-21,68.5,197.0,80033,at-risk
INV003847,8,2024-05-31,2025-05-16,50.0,66.0,74501,at-risk
INV003849,6,2024-03-18,2025-04-08,77.2,146.0,155813,at-risk
INV003851,7,2024-06-02,2025-05-15,57.833333333333336,121.0,110621,at-risk
INV003860,6,2024-09-23,2025-05-11,46.0,72.0,134277,at-risk
INV003862,7,2024-02-25,2025-02-20,60.166666666666664,184.0,64749,at-risk
INV003865,7,2024-01-02,2025-05-27,85.16666666666667,235.0,47194,at-risk
INV003868,6,2024-02-26,2025-05-09,87.6,264.0,104999,at-risk
INV003872,9,2024-05-15,2025-05-13,45.375,85.0,147109,at-risk
INV003876,6,2024-03-08,2025-03-31,77.6,160.0,105794,at-risk
INV003880,8,2024-02-03,2025-05-28,68.57142857142857,193.0,52016,at-risk
INV003885,6,2024-06-06,2025-05-30,71.6,281.0,81864,at-risk
INV003892,10,2024-01-02,2025-05-13,55.22222222222222,114.0,134271,at-risk
INV003896,6,2024-02-12,2025-03-28,82.0,255.0,42369,at-risk
INV003897,6,2024-04-09,2025-04-02,71.6,144.0,83553,at-risk
INV003903,8,2024-02-07,2025-01-24,50.285714285714285,130.0,70037,at-risk
INV003905,7,2024-04-28,2025-05-08,62.5,103.0,70428,at-risk
INV003906,10,2024-01-13,2025-05-23,55.111111111111114,115.0,110358,at-risk
INV003912,6,2024-01-15,2024-12-23,68.6,195.0,11911,at-risk
INV003913,8,2024-02-09,2025-04-14,61.42857142857143,136.0,52158,at-risk
INV003916,6,2024-03-08,2025-02-07,67.2,114.0,84860,at-risk
INV003920,8,2024-01-17,2025-04-29,66.85714285714286,132.0,110581,at-risk
INV003936,6,2024-01-21,2025-04-13,89.6,227.0,111274,at-risk
INV003938,7,2024-02-10,2024-12-21,52.5,110.0,53978,at-risk
INV003940,7,2024-01-21,2025-03-20,70.66666666666667,151.0,88836,at-risk
INV003943,9,2024-04-22,2025-03-28,42.5,88.0,34838,at-risk
INV003945,7,2024-02-01,2025-01-04,56.333333333333336,175.0,109342,at-risk
INV003946,7,2024-01-14,2025-03-04,69.16666666666667,147.0,65153,at-risk
INV003948,7,2024-08-14,2025-05-03,43.666666666666664,101.0,125023,at-risk
INV003952,7,2024-04-20,2025-03-14,54.666666666666664,95.0,105758,at-risk
INV003958,6,2024-02-07,2025-04-10,85.6,133.0,67157,at-risk
INV003962,8,2024-01-21,2025-05-16,68.71428571428571,302.0,199896,at-risk
INV003964,10,2024-01-10,2025-04-15,51.22222222222222,130.0,123334,at-risk
INV003968,6,2024-01-31,2025-05-07,92.4,209.0,55226,at-risk
INV003972,6,2024-03-05,2025-04-30,84.2,224.0,128157,at-risk
INV003975,8,2024-05-11,2025-04-27,50.142857142857146,125.0,64647,at-risk
INV003978,8,2024-01-08,2025-04-29,68.14285714285714,209.0,45310,at-risk
INV003979,8,2024-02-29,2025-03-27,56.0,123.0,25613,at-risk
INV003981,7,2024-04-01,2025-05-12,67.66666666666667,237.0,81844,at-risk
INV003985,6,2024-01-19,2025-04-28,93.0,191.0,25396,at-risk
INV003996,6,2024-01-25,2025-05-15,95.2,244.0,97507,at-risk
INV004001,8,2024-06-10,2025-03-19,40.285714285714285,123.0,82786,at-risk
INV004004,10,2024-05-18,2025-05-20,40.77777777777778,88.0,126080,at-risk
INV004005,7,2024-03-09,2025-05-25,73.66666666666667,314.0,105889,at-risk
INV004007,7,2024-01-23,2024-09-12,38.833333333333336,102.0,30426,at-risk
INV004009,8,2024-02-17,2025-04-28,62.285714285714285,87.0,107439,at-risk
INV004014,9,2024-01-14,2025-05-23,61.875,182.0,90606,at-risk
INV004015,6,2024-01-31,2025-04-15,88.0,190.0,9734,at-risk
INV004017,7,2024-04-01,2024-11-30,40.5,85.0,30279,at-risk
INV004023,10,2024-02-12,2025-05-25,52.0,93.0,135403,at-risk
INV004037,6,2024-05-10,2025-05-18,74.6,137.0,45922,at-risk
INV004038,7,2024-03-07,2025-05-11,71.66666666666667,207.0,197810,at-risk
INV004049,6,2024-08-05,2025-04-03,48.2,83.0,24571,at-risk
INV004063,8,2024-04-13,2025-05-14,56.57142857142857,167.0,82106,at-risk
INV004066,7,2024-01-15,2025-04-10,75.16666666666667,319.0,60661,at-risk
INV004069,6,2024-01-16,2025-01-20,74.0,196.0,46504,at-risk
INV004070,7,2024-02-06,2025-03-18,67.66666666666667,170.0,33039,at-risk
INV004079,7,2024-01-21,2025-03-24,71.33333333333333,164.0,78640,at-risk
INV004085,7,2024-04-07,2025-05-22,68.33333333333333,260.0,104748,at-risk
INV004091,6,2024-03-24,2025-03-27,73.6,240.0,18538,at-risk
INV004094,6,2024-08-23,2025-05-29,55.8,167.0,67103,at-risk
INV004098,6,2024-06-23,2025-04-10,58.2,87.0,62582,at-risk
INV004099,6,2024-04-01,2025-01-20,58.8,174.0,82312,at-risk
INV004106,6,2024-02-24,2024-11-29,55.8,151.0,127689,at-risk
INV004112,6,2024-01-28,2024-10-30,55.2,112.0,39234,at-risk
INV004116,10,2024-01-18,2025-05-26,54.888888888888886,117.0,71428,at-risk
INV004118,6,2024-06-13,2025-05-02,64.6,161.0,33694,at-risk
INV004119,6,2024-03-29,2025-03-30,73.2,237.0,82689,at-risk
INV004123,6,2024-03-14,2025-05-13,85.0,138.0,74440,at-risk
INV004124,6,2024-06-09,2025-04-24,63.8,193.0,99942,at-risk
INV004125,9,2024-01-03,2025-05-10,61.625,142.0,109430,at-risk
INV004127,6,2024-01-02,2025-03-15,87.6,190.0,24949,at-risk
INV004128,6,2024-02-02,2025-01-03,67.2,156.0,95704,at-risk
INV004134,6,2024-01-06,2024-07-01,35.4,54.0,19310,at-risk
INV004135,10,2024-01-11,2025-04-06,50.111111111111114,164.0,66097,at-risk
INV004143,6,2024-01-22,2025-05-21,97.0,280.0,61426,at-risk
INV004145,6,2024-02-13,2025-01-09,66.2,144.0,27711,at-risk
INV004146,6,2024-02-12,2025-04-28,88.2,253.0,87690,at-risk
INV004147,6,2024-06-01,2025-05-28,72.2,136.0,66900,at-risk
INV004149,6,2024-05-12,2025-01-18,50.2,130.0,91943,at-risk
INV004151,8,2024-02-22,2025-05-09,63.142857142857146,197.0,110790,at-risk
INV004153,8,2024-04-04,2025-05-29,60.0,125.0,147218,at-risk
INV004154,12,2024-01-01,2025-05-29,46.72727272727273,90.0,173527,at-risk
INV004172,8,2024-01-10,2025-03-26,63.0,196.0,93496,at-risk
INV004174,6,2024-01-01,2025-03-09,86.6,195.0,189509,at-risk
INV004175,8,2024-01-22,2025-05-11,67.85714285714286,133.0,89272,at-risk
INV004177,8,2024-02-15,2024-12-29,45.42857142857143,117.0,43904,at-risk
INV004179,6,2024-04-14,2025-04-05,71.2,129.0,81566,at-risk
INV004181,6,2024-02-05,2025-05-17,93.4,245.0,151759,at-risk
INV004191,7,2024-01-27,2025-05-04,77.16666666666667,310.0,45090,at-risk
INV004196,7,2024-01-29,2025-05-13,78.33333333333333,219.0,129129,at-risk
INV004199,6,2024-04-16,2025-02-01,58.2,138.0,107979,at-risk
INV004202,9,2024-03-30,2025-04-15,47.625,114.0,91560,at-risk
INV004203,8,2024-01-22,2025-05-02,66.57142857142857,113.0,70384,at-risk
INV004208,6,2024-05-01,2025-05-03,73.4,156.0,57000,at-risk
INV004212,7,2024-03-29,2025-05-19,69.33333333333333,169.0,131156,at-risk
INV004216,7,2024-01-21,2025-05-27,82.0,195.0,67522,at-risk
INV004228,7,2024-02-29,2025-05-08,72.33333333333333,112.0,93293,at-risk
INV004232,6,2024-01-23,2025-01-14,71.4,232.0,31031,at-risk
INV004239,8,2024-02-26,2025-04-29,61.142857142857146,130.0,78887,at-risk
INV004241,10,2024-01-31,2025-05-28,53.666666666666664,117.0,103788,at-risk
INV004243,8,2024-02-12,2025-03-08,55.714285714285715,131.0,88380,at-risk
INV004246,7,2024-02-18,2024-09-10,34.166666666666664,64.0,97439,regular
INV004247,6,2024-03-17,2025-05-27,87.2,274.0,72050,at-risk
INV004248,7,2024-02-25,2024-11-07,42.666666666666664,93.0,105673,at-risk
INV004258,7,2024-03-30,2025-01-22,49.666666666666664,105.0,26892,at-risk
INV004266,7,2024-01-10,2025-01-15,61.833333333333336,101.0,35786,at-risk
INV004267,7,2024-06-26,2025-05-12,53.333333333333336,109.0,70239,at-risk
INV004270,7,2024-03-28,2025-05-20,69.66666666666667,204.0,41505,at-risk
INV004271,6,2024-02-17,2025-03-22,79.8,157.0,65605,at-risk
INV004279,8,2024-02-26,2025-02-12,50.285714285714285,116.0,185997,at-risk
INV004281,8,2024-01-17,2024-11-04,41.714285714285715,93.0,144759,at-risk
INV004282,8,2024-04-15,2025-04-20,52.857142857142854,105.0,64136,at-risk
INV004285,7,2024-01-17,2025-04-18,76.16666666666667,169.0,92708,at-risk
INV004288,7,2024-01-25,2025-04-06,72.83333333333333,223.0,56841,at-risk
INV004289,11,2024-02-13,2025-05-17,45.9,201.0,42501,at-risk
INV004293,6,2024-02-07,2025-03-22,81.8,142.0,112638,at-risk
INV004295,9,2024-02-06,2025-01-29,44.75,119.0,72695,at-risk
INV004296,6,2024-01-02,2025-05-27,102.2,304.0,77419,at-risk
INV004297,9,2024-06-19,2025-05-20,41.875,82.0,122117,at-risk
INV004299,8,2024-02-29,2025-05-23,64.14285714285714,175.0,79344,at-risk
INV004306,7,2024-04-28,2025-04-05,57.0,118.0,74056,at-risk
INV004308,7,2024-01-01,2025-05-23,84.66666666666667,244.0,78626,at-risk
INV004314,6,2024-02-20,2025-04-10,83.0,195.0,112485,at-risk
INV004319,9,2024-01-15,2025-05-13,60.5,275.0,118001,at-risk
INV004321,9,2024-01-04,2024-12-05,42.0,84.0,112711,at-risk
INV004324,7,2024-02-07,2025-05-18,77.66666666666667,173.0,66304,at-risk
INV004326,10,2024-04-22,2025-04-18,40.111111111111114,78.0,113261,at-risk
INV004332,8,2024-02-21,2025-05-19,64.71428571428571,149.0,22464,at-risk
INV004335,8,2024-02-10,2025-05-06,64.42857142857143,104.0,97637,at-risk
INV004338,10,2024-02-05,2025-04-20,48.888888888888886,209.0,134505,at-risk
INV004340,6,2024-03-08,2025-02-10,67.8,252.0,48935,at-risk
INV004343,6,2024-06-15,2025-04-26,63.0,190.0,93065,at-risk
INV004348,6,2024-08-24,2025-05-12,52.2,120.0,151261,at-risk
INV004349,7,2024-02-20,2025-04-30,72.5,159.0,148067,at-risk
INV004356,6,2024-10-25,2025-03-28,30.8,81.0,27375,regular
INV004357,8,2024-01-03,2025-05-24,72.42857142857143,305.0,52555,at-risk
INV004358,8,2024-02-14,2024-12-31,45.857142857142854,87.0,82583,at-risk
INV004361,8,2024-01-30,2025-04-05,61.57142857142857,124.0,23906,at-risk
INV004364,6,2024-02-10,2025-03-19,80.6,173.0,29363,at-risk
INV004367,6,2024-04-10,2025-05-23,81.6,194.0,144139,at-risk
INV004372,6,2024-04-12,2025-02-02,59.2,155.0,63764,at-risk
INV004391,6,2024-01-03,2024-10-14,57.0,96.0,48086,at-risk
INV004392,6,2024-01-30,2025-04-26,90.4,200.0,140197,at-risk
INV004400,8,2024-03-09,2025-01-29,46.57142857142857,104.0,187490,at-risk
INV004401,8,2024-01-12,2025-05-15,69.85714285714286,216.0,104242,at-risk
INV004403,6,2024-02-12,2025-02-14,73.6,150.0,14286,at-risk
INV004410,11,2024-03-02,2025-04-15,40.9,138.0,80237,at-risk
INV004411,6,2024-02-03,2024-12-04,61.0,111.0,72503,at-risk
INV004412,7,2024-01-06,2025-05-14,82.33333333333333,173.0,52390,at-risk
INV004413,8,2024-01-29,2025-05-26,69.0,142.0,86246,at-risk
INV004414,8,2024-01-02,2025-01-13,53.857142857142854,176.0,102062,at-risk
INV004421,6,2024-01-17,2025-04-15,90.8,221.0,74958,at-risk
INV004427,11,2024-01-07,2025-05-29,50.8,125.0,121193,at-risk
INV004434,6,2024-03-30,2025-05-27,84.6,156.0,79432,at-risk
INV004446,6,2024-05-17,2025-04-11,65.8,170.0,58236,at-risk
INV004447,7,2024-02-18,2024-12-13,49.833333333333336,129.0,111566,at-risk
INV004450,6,2024-01-08,2024-11-11,61.6,153.0,134333,at-risk
INV004451,6,2024-03-30,2025-05-24,84.0,137.0,88776,at-risk
INV004452,7,2024-01-05,2025-05-05,81.0,180.0,122309,at-risk
INV004454,6,2024-01-24,2025-05-30,98.4,311.0,64506,at-risk
INV004455,6,2024-08-14,2025-04-21,50.0,105.0,21070,at-risk
INV004457,6,2024-01-29,2025-03-11,81.4,188.0,76498,at-risk
INV004459,7,2024-03-15,2025-02-01,53.833333333333336,141.0,73438,at-risk
INV004460,9,2024-01-23,2024-12-28,42.5,93.0,22621,at-risk
INV004463,6,2024-01-18,2025-05-06,94.8,211.0,77554,at-risk
INV004464,7,2024-02-21,2025-03-02,62.5,142.0,40228,at-risk
INV004468,7,2024-02-11,2025-05-17,76.83333333333333,154.0,84516,at-risk
INV004472,7,2024-07-18,2025-05-18,50.666666666666664,156.0,33126,at-risk
INV004473,7,2024-01-21,2025-04-05,73.33333333333333,152.0,39115,at-risk
INV004475,7,2024-04-05,2025-05-17,67.83333333333333,87.0,82023,at-risk
INV004477,8,2024-04-06,2025-05-22,58.714285714285715,180.0,32359,at-risk
INV004484,6,2024-04-19,2025-02-21,61.6,182.0,55149,at-risk
INV004502,7,2024-01-02,2025-03-24,74.5,165.0,66742,at-risk
INV004504,8,2024-02-21,2025-03-13,55.142857142857146,247.0,132537,at-risk
INV004511,6,2024-10-04,2025-04-08,37.2,89.0,43556,at-risk
INV004517,6,2024-02-03,2025-04-11,86.6,185.0,23579,at-risk
INV004521,7,2024-05-10,2025-04-02,54.5,76.0,106363,at-risk
INV004523,6,2024-02-26,2025-05-07,87.2,127.0,50318,at-risk
INV004528,7,2024-07-01,2025-05-21,54.0,149.0,138706,at-risk
INV004531,8,2024-02-27,2025-04-22,60.0,159.0,185354,at-risk
INV004533,7,2024-05-26,2025-04-21,55.0,118.0,125539,at-risk
INV004542,7,2024-02-14,2024-09-05,34.0,59.0,59894,regular
INV004547,7,2024-04-04,2025-05-14,67.5,165.0,31048,at-risk
INV004555,8,2024-04-26,2025-05-03,53.142857142857146,151.0,111824,at-risk
INV004560,9,2024-02-26,2025-03-19,48.375,107.0,83591,at-risk
INV004562,6,2024-01-03,2025-02-25,83.8,158.0,22466,at-risk
INV004563,7,2024-04-23,2025-05-17,64.83333333333333,211.0,31702,at-risk
INV004574,8,2024-03-23,2025-04-09,54.57142857142857,116.0,74831,at-risk
INV004576,6,2024-04-27,2025-03-08,63.0,132.0,20595,at-risk
INV004579,8,2024-03-24,2025-01-25,43.857142857142854,77.0,26842,at-risk
INV004581,8,2024-01-03,2025-05-22,72.14285714285714,234.0,22116,at-risk
INV004589,6,2024-01-28,2025-01-19,71.4,225.0,114379,at-risk
INV004594,8,2024-03-08,2025-04-26,59.142857142857146,122.0,84370,at-risk
INV004598,6,2024-02-05,2025-04-01,84.2,195.0,57630,at-risk
INV004602,9,2024-01-04,2025-04-25,59.625,242.0,105254,at-risk
INV004607,8,2024-03-06,2025-04-02,56.0,214.0,50699,at-risk
INV004608,8,2024-02-04,2025-02-23,55.0,96.0,54558,at-risk
INV004611,7,2024-02-11,2024-12-14,51.166666666666664,217.0,141572,at-risk
INV004614,6,2024-03-09,2025-04-11,79.6,117.0,64197,at-risk
INV004617,9,2024-02-02,2024-12-12,39.25,83.0,110799,at-risk
INV004621,9,2024-01-13,2025-03-22,54.25,203.0,102050,at-risk
INV004625,6,2024-02-03,2025-05-30,96.4,246.0,78521,at-risk
INV004629,8,2024-01-19,2025-04-15,64.57142857142857,175.0,146298,at-risk
INV004630,9,2024-01-17,2025-02-25,50.625,95.0,110756,at-risk
INV004631,8,2024-02-10,2025-05-08,64.71428571428571,109.0,69846,at-risk
INV004633,7,2024-01-30,2025-05-13,78.16666666666667,189.0,67555,at-risk
INV004635,7,2024-03-07,2025-02-22,58.666666666666664,142.0,85919,at-risk
INV004636,6,2024-02-26,2025-03-10,75.6,160.0,130293,at-risk
INV004638,7,2024-04-23,2025-03-15,54.333333333333336,110.0,62637,at-risk
INV004640,7,2024-03-26,2025-05-10,68.33333333333333,202.0,41628,at-risk
INV004641,6,2024-02-13,2025-01-17,67.8,105.0,64235,at-risk
INV004642,6,2024-02-23,2024-11-23,54.8,232.0,80404,at-risk
INV004643,6,2024-02-09,2024-10-19,50.6,101.0,119017,at-risk
INV004646,7,2024-04-03,2025-04-25,64.5,158.0,73768,at-risk
INV004647,7,2024-01-23,2025-03-22,70.66666666666667,138.0,39400,at-risk
INV004650,6,2024-02-06,2025-03-16,80.8,143.0,52840,at-risk
INV004661,8,2024-01-21,2025-05-23,69.71428571428571,181.0,73293,at-risk
INV004665,6,2024-02-29,2025-04-21,83.4,137.0,28833,at-risk
INV004672,7,2024-01-21,2025-03-28,72.0,127.0,96541,at-risk
INV004680,7,2024-07-07,2025-04-16,47.166666666666664,155.0,22796,at-risk
INV004682,9,2024-01-04,2024-12-07,42.25,105.0,189171,at-risk
INV004688,6,2024-01-21,2025-02-12,77.6,181.0,25122,at-risk
INV004692,6,2024-01-22,2025-03-15,83.6,190.0,68610,at-risk
INV004701,7,2024-01-31,2024-05-30,20.0,82.0,40757,regular
INV004704,6,2024-01-17,2025-04-30,93.8,141.0,86091,at-risk
INV004712,8,2024-03-18,2025-02-21,48.57142857142857,84.0,119402,at-risk
INV004715,7,2024-06-22,2025-05-29,56.833333333333336,169.0,95968,at-risk
INV004716,7,2024-03-10,2025-05-28,74.0,197.0,67590,at-risk
INV004737,10,2024-01-20,2025-05-25,54.55555555555556,120.0,96021,at-risk
INV004738,6,2024-01-25,2025-05-05,93.2,148.0,47110,at-risk
INV004741,7,2024-01-29,2025-04-07,72.33333333333333,157.0,75811,at-risk
INV004753,6,2024-07-01,2025-05-04,61.4,87.0,55874,at-risk
INV004755,7,2024-04-19,2025-04-21,61.166666666666664,181.0,46605,at-risk
INV004761,6,2024-01-13,2025-01-04,71.4,139.0,42001,at-risk
INV004763,7,2024-01-10,2025-05-25,83.5,184.0,49983,at-risk
INV004764,6,2024-03-13,2025-05-02,83.0,144.0,35426,at-risk
INV004770,8,2024-01-04,2025-05-28,72.85714285714286,146.0,133901,at-risk
INV004776,9,2024-02-11,2025-05-15,57.375,145.0,81198,at-risk
INV004780,7,2024-02-21,2025-04-13,69.5,154.0,69763,at-risk
INV004785,7,2024-03-02,2025-04-03,66.16666666666667,248.0,54819,at-risk
INV004787,7,2024-03-19,2025-05-27,72.33333333333333,140.0,59162,at-risk
INV004798,7,2024-01-25,2024-12-12,53.666666666666664,106.0,63589,at-risk
INV004804,6,2024-04-11,2025-05-12,79.2,137.0,105080,at-risk
INV004805,7,2024-07-05,2025-03-30,44.666666666666664,92.0,90625,at-risk
INV004807,8,2024-08-19,2025-05-04,36.857142857142854,86.0,33686,at-risk
INV004813,6,2024-01-31,2024-12-06,62.0,253.0,82203,at-risk
INV004819,7,2024-03-09,2025-03-16,62.0,120.0,16931,at-risk
INV004825,7,2024-03-11,2025-05-05,70.0,141.0,49187,at-risk
INV004833,6,2024-05-27,2025-04-19,65.4,171.0,58795,at-risk
INV004834,9,2024-02-05,2024-12-10,38.625,106.0,172198,at-risk
INV004840,7,2024-05-22,2025-01-23,41.0,103.0,22257,at-risk
INV004843,8,2024-04-07,2025-03-29,50.857142857142854,153.0,74856,at-risk
INV004844,7,2024-04-24,2025-05-29,66.66666666666667,118.0,25433,at-risk
INV004845,6,2024-01-25,2025-03-09,81.8,197.0,90582,at-risk
INV004847,7,2024-01-27,2025-04-12,73.5,281.0,51384,at-risk
INV004848,9,2024-01-17,2025-03-25,54.125,166.0,116418,at-risk
INV004860,6,2024-03-04,2025-03-31,78.4,189.0,42106,at-risk
INV004863,7,2024-03-18,2025-04-30,68.0,220.0,35988,at-risk
INV004864,8,2024-03-05,2025-01-02,43.285714285714285,114.0,85458,at-risk
INV004865,7,2024-02-20,2025-05-23,76.33333333333333,143.0,103440,at-risk
INV004868,8,2024-04-13,2025-05-10,56.0,226.0,125207,at-risk
INV004871,8,2024-01-10,2025-05-08,69.14285714285714,170.0,163615,at-risk
INV004877,7,2024-01-14,2025-05-11,80.5,276.0,74162,at-risk
INV004889,7,2024-01-28,2025-03-27,70.66666666666667,159.0,65286,at-risk
INV004891,8,2024-02-08,2025-03-05,55.857142857142854,128.0,122650,at-risk
INV004896,6,2024-02-13,2025-03-16,79.4,252.0,125806,at-risk
INV004901,6,2024-06-18,2025-03-18,54.6,96.0,148100,at-risk
INV004911,7,2024-01-20,2025-02-05,63.666666666666664,97.0,86745,at-risk
INV004913,6,2024-03-12,2025-05-21,87.0,156.0,93099,at-risk
INV004916,7,2024-01-16,2025-04-13,75.5,162.0,93354,at-risk
INV004917,7,2024-06-14,2025-04-16,51.0,77.0,108261,at-risk
INV004924,9,2024-01-10,2025-05-02,59.75,116.0,166708,at-risk
INV004925,7,2024-01-30,2025-03-30,70.83333333333333,105.0,51377,at-risk
INV004926,8,2024-02-21,2025-05-30,66.28571428571429,133.0,93001,at-risk
INV004927,7,2024-02-25,2024-09-17,34.166666666666664,63.0,95667,regular
INV004947,6,2024-02-02,2024-09-14,45.0,75.0,52036,at-risk
INV004953,7,2024-02-15,2025-03-24,67.16666666666667,138.0,50981,at-risk
INV004956,8,2024-02-17,2025-04-06,59.142857142857146,155.0,51297,at-risk
INV004958,7,2024-01-10,2025-03-24,73.16666666666667,135.0,146343,at-risk
INV004959,6,2024-01-24,2025-01-01,68.6,193.0,32047,at-risk
INV004967,6,2024-03-26,2025-02-05,63.2,112.0,35869,at-risk
INV004973,9,2024-02-14,2025-04-29,55.0,99.0,90235,at-risk
INV004974,8,2024-04-12,2025-04-14,52.42857142857143,102.0,87162,at-risk
INV004978,7,2024-03-31,2025-04-18,63.833333333333336,157.0,88463,at-risk
INV004981,8,2024-01-05,2024-12-14,49.142857142857146,115.0,53117,at-risk
INV004983,7,2024-01-16,2024-12-27,57.666666666666664,128.0,172616,at-risk
INV004984,7,2024-01-31,2025-04-27,75.33333333333333,177.0,94301,at-risk
INV004986,7,2024-01-27,2025-05-29,81.33333333333333,185.0,68422,at-risk
INV004992,7,2024-01-05,2025-05-08,81.5,176.0,71260,at-risk
INV004996,10,2024-03-04,2025-04-25,46.333333333333336,104.0,84912,at-risk
INV004997,7,2024-02-27,2025-04-28,71.0,248.0,128346,at-risk
